date, Wind power forecast, Ampirion zonal load forecast,OT
2012/1/9 0:00,2072,16382,34.97
2012/1/9 1:00,1929.75,15410.5,33.43
2012/1/9 2:00,1856,15595,32.74
2012/1/9 3:00,1808.75,16521,32.46
2012/1/9 4:00,1765.75,17700.75,32.5
2012/1/9 5:00,1721.75,19348.75,36.13
2012/1/9 6:00,1691.25,23058.5,43.02
2012/1/9 7:00,1723.25,25349.25,59.03
2012/1/9 8:00,1807.75,26336.75,64.48
2012/1/9 9:00,1907.5,26321,58.72
2012/1/9 10:00,2066.25,26702.25,56.48
2012/1/9 11:00,2208.25,27067.25,56.04
2012/1/9 12:00,2378,27118.25,55.7
2012/1/9 13:00,2576.25,27294,54.84
2012/1/9 14:00,2789.5,26945,52.32
2012/1/9 15:00,3099.75,26476.25,50.72
2012/1/9 16:00,3401.75,26262.75,51.89
2012/1/9 17:00,3735.75,27124.75,57.02
2012/1/9 18:00,4165.25,27223.75,61.27
2012/1/9 19:00,4509,26864.75,53.2
2012/1/9 20:00,4810,25721.5,47.31
2012/1/9 21:00,4988.5,24687.25,42
2012/1/9 22:00,5098.75,23773.25,42.19
2012/1/9 23:00,5326.75,21544,41.34
2012/1/10 0:00,6637.5,19653.5,31.92
2012/1/10 1:00,6715.5,18728.75,31.11
2012/1/10 2:00,6652.75,18267.5,30.71
2012/1/10 3:00,6381.25,18869.5,28.06
2012/1/10 4:00,6059.25,19515.5,30.5
2012/1/10 5:00,5595,20626.5,33.82
2012/1/10 6:00,5112.25,23725.25,39.82
2012/1/10 7:00,4673.75,26307.5,47.99
2012/1/10 8:00,4253.25,27139.5,52.96
2012/1/10 9:00,3917.75,27179.5,51.06
2012/1/10 10:00,3607.5,27406,51.06
2012/1/10 11:00,3285.25,27814.25,53
2012/1/10 12:00,3017,27924.25,52.21
2012/1/10 13:00,2772,27863.25,52.96
2012/1/10 14:00,2570.25,27100.75,51.99
2012/1/10 15:00,2385.75,26729.75,51.94
2012/1/10 16:00,2288.5,26989.75,54.96
2012/1/10 17:00,2352,27868.75,61.18
2012/1/10 18:00,2538.5,27728.5,61.18
2012/1/10 19:00,2744.25,27200,56.79
2012/1/10 20:00,2950,26211,48
2012/1/10 21:00,3134.75,25286.5,42.74
2012/1/10 22:00,3300.5,23835.75,42.93
2012/1/10 23:00,3406.25,21477.25,39.67
2012/1/11 0:00,3637.75,19162.75,40.09
2012/1/11 1:00,3925,18353.75,35.92
2012/1/11 2:00,4170.5,18304.25,34.08
2012/1/11 3:00,4459.25,18664.75,29.41
2012/1/11 4:00,4727.75,19372.75,30.11
2012/1/11 5:00,4897.25,20418,36.11
2012/1/11 6:00,5019.5,23549,44
2012/1/11 7:00,5135.75,26177,52
2012/1/11 8:00,5292.5,27151.5,51.91
2012/1/11 9:00,5424.5,27245,51.96
2012/1/11 10:00,5575,27582.75,51.43
2012/1/11 11:00,5740,27984.5,51.99
2012/1/11 12:00,5724.5,28054.5,51.56
2012/1/11 13:00,5597.5,27900.25,50.39
2012/1/11 14:00,5345.75,27226.75,49.03
2012/1/11 15:00,5048.5,26898.5,50.92
2012/1/11 16:00,4779.5,27007.5,49.09
2012/1/11 17:00,4527.75,27847.25,60.2
2012/1/11 18:00,4310,27710,70.99
2012/1/11 19:00,4180.75,27064.25,62.31
2012/1/11 20:00,4143.75,26020.75,56.18
2012/1/11 21:00,4238.5,24954,47.93
2012/1/11 22:00,4494.5,23477.75,47.91
2012/1/11 23:00,4876.25,21096.5,42.48
2012/1/12 0:00,5438.25,18918.5,40.42
2012/1/12 1:00,6124,18156.5,34.44
2012/1/12 2:00,6783,18128,32.02
2012/1/12 3:00,7460.75,18612.25,28.89
2012/1/12 4:00,8107.5,19280.5,29.21
2012/1/12 5:00,8879,20398.75,32.02
2012/1/12 6:00,9683,23854.25,45.21
2012/1/12 7:00,10372.5,24713.75,52.79
2012/1/12 8:00,11019.75,26318,56.42
2012/1/12 9:00,11678,27537.5,53.36
2012/1/12 10:00,12304.5,27759.5,49.03
2012/1/12 11:00,12858.75,27220.25,41.04
2012/1/12 12:00,13150,27153.5,39.35
2012/1/12 13:00,13378.5,26736.5,39.62
2012/1/12 14:00,13381.75,26033,39.35
2012/1/12 15:00,13372.5,26973.75,42.43
2012/1/12 16:00,13062.75,27275.75,43.39
2012/1/12 17:00,12687,28274.5,56.18
2012/1/12 18:00,12151.75,28454,51.52
2012/1/12 19:00,11619.75,27805,49.04
2012/1/12 20:00,11054.75,26234.75,47.77
2012/1/12 21:00,10509.75,25208.25,46.29
2012/1/12 22:00,10117.75,23481.25,45.54
2012/1/12 23:00,9794.5,21077.75,39.16
2012/1/13 0:00,9643.5,19971.5,23.8
2012/1/13 1:00,9520.75,19291,18.44
2012/1/13 2:00,9529.5,19236.75,16.38
2012/1/13 3:00,9505,19411.25,16.36
2012/1/13 4:00,9510,20000.75,18.44
2012/1/13 5:00,9471.5,21871.5,25.83
2012/1/13 6:00,9517,25074.5,36.74
2012/1/13 7:00,9589.25,27528,45.99
2012/1/13 8:00,9673.75,28814,49.99
2012/1/13 9:00,9821.75,28931.25,45.04
2012/1/13 10:00,10027,29132.5,40.24
2012/1/13 11:00,10140.75,28783.25,39.4
2012/1/13 12:00,10151.5,28373.75,38.97
2012/1/13 13:00,10141.25,28019,38.89
2012/1/13 14:00,9922.5,27680.75,39.42
2012/1/13 15:00,9586.5,27545,44.76
2012/1/13 16:00,9106,27820.5,44.11
2012/1/13 17:00,8741.25,28246.25,53.43
2012/1/13 18:00,8586,28088.5,51.58
2012/1/13 19:00,8513,27440.25,46.93
2012/1/13 20:00,8426.5,25411.25,39.74
2012/1/13 21:00,8336.75,25377.25,38.36
2012/1/13 22:00,8216.5,24710.5,37.75
2012/1/13 23:00,8062.25,22733.5,30.04
2012/1/14 0:00,7509.5,20989.75,30.07
2012/1/14 1:00,7169.75,20409.75,28.66
2012/1/14 2:00,6887.5,19716,28.02
2012/1/14 3:00,6560.5,19964.5,29.07
2012/1/14 4:00,6241.25,20265.25,29.47
2012/1/14 5:00,5941,20152,30.73
2012/1/14 6:00,5688.5,20209.25,31.21
2012/1/14 7:00,5376.25,21117,32.1
2012/1/14 8:00,5083.75,22659,38.21
2012/1/14 9:00,4796.5,23747.5,40.15
2012/1/14 10:00,4655.5,24911.25,44.18
2012/1/14 11:00,4651,25433,46.01
2012/1/14 12:00,4675.75,24969.25,45.53
2012/1/14 13:00,4616,24886.5,40.13
2012/1/14 14:00,4440,24254.5,43.69
2012/1/14 15:00,4075,24186.25,43.38
2012/1/14 16:00,3670.25,24494.75,43.4
2012/1/14 17:00,3365.25,25548.25,54.61
2012/1/14 18:00,3126.25,25633.25,62
2012/1/14 19:00,2886.5,25375.75,51.94
2012/1/14 20:00,2629.75,23926.25,45.92
2012/1/14 21:00,2384.75,23318.25,38.95
2012/1/14 22:00,2157.25,23348,44.94
2012/1/14 23:00,1947.75,22062,39.09
2012/1/15 0:00,1902.25,20025.25,38.99
2012/1/15 1:00,1706.25,19233,38.44
2012/1/15 2:00,1584.75,18946.25,37.05
2012/1/15 3:00,1516.75,18276.25,34.55
2012/1/15 4:00,1469.5,17840,32.73
2012/1/15 5:00,1392,17533,33.52
2012/1/15 6:00,1293.5,16814.75,33.15
2012/1/15 7:00,1200,17092.25,34.16
2012/1/15 8:00,1113.5,17808.5,39.3
2012/1/15 9:00,1019.25,18922.25,41.99
2012/1/15 10:00,928,19873.5,41.5
2012/1/15 11:00,877.5,21020.75,45.14
2012/1/15 12:00,842,21422.75,43.61
2012/1/15 13:00,853,21216.5,39.19
2012/1/15 14:00,890,20893.25,38.4
2012/1/15 15:00,904,20524.25,38.3
2012/1/15 16:00,919,20418.75,39.58
2012/1/15 17:00,953.5,22378,46.65
2012/1/15 18:00,981,23049,56.53
2012/1/15 19:00,1003,23145.25,56.19
2012/1/15 20:00,986.25,22369.75,51.97
2012/1/15 21:00,1012.25,21971.25,45.57
2012/1/15 22:00,1029,21951.5,46.7
2012/1/15 23:00,1166.25,20676.5,44.76
2012/1/16 0:00,1106,18797.5,41.94
2012/1/16 1:00,1100.5,18106.25,39.69
2012/1/16 2:00,1132,17909.25,38
2012/1/16 3:00,1157.75,18133.5,33.58
2012/1/16 4:00,1163.5,18458.5,33.47
2012/1/16 5:00,1148.25,19842.5,36.12
2012/1/16 6:00,1152.75,23511,42.29
2012/1/16 7:00,1160.75,26555.75,57.96
2012/1/16 8:00,1174.25,27671.25,60.89
2012/1/16 9:00,1237.5,27517.75,57.05
2012/1/16 10:00,1256.75,27865.75,56.18
2012/1/16 11:00,1301,28415.5,53.28
2012/1/16 12:00,1321,28446.5,53.19
2012/1/16 13:00,1369.25,28366.5,51.9
2012/1/16 14:00,1430.75,28292,49.08
2012/1/16 15:00,1501.5,27871.25,49.93
2012/1/16 16:00,1577,27505.25,52.42
2012/1/16 17:00,1650.5,28979,60.16
2012/1/16 18:00,1729.25,29186.75,70.45
2012/1/16 19:00,1882,28756,61.4
2012/1/16 20:00,2038.75,27456,53.26
2012/1/16 21:00,2157.75,26340.75,45.64
2012/1/16 22:00,2291.5,24782.25,46.96
2012/1/16 23:00,2387,22652.25,43.37
2012/1/17 0:00,2227.25,20769.75,40.14
2012/1/17 1:00,2301.25,20252.25,40.13
2012/1/17 2:00,2356,20389.25,39.93
2012/1/17 3:00,2399.5,20369.5,38.6
2012/1/17 4:00,2372.25,20862,38.08
2012/1/17 5:00,2304,21920,40.14
2012/1/17 6:00,2221.75,24998.25,46.63
2012/1/17 7:00,2133,27453.5,57.39
2012/1/17 8:00,2067.5,28494.5,59.28
2012/1/17 9:00,1982.75,28246.5,57.98
2012/1/17 10:00,1879.5,28600.75,54.12
2012/1/17 11:00,1835.75,28936.5,53.98
2012/1/17 12:00,1753.75,29020.75,52.22
2012/1/17 13:00,1688.25,28797.25,51.28
2012/1/17 14:00,1625.75,28338,49.95
2012/1/17 15:00,1540.75,28483.5,50.13
2012/1/17 16:00,1488.5,28387.75,53.6
2012/1/17 17:00,1470.25,29784.75,61.56
2012/1/17 18:00,1476.5,29938.75,68.2
2012/1/17 19:00,1488.5,29582.75,59.24
2012/1/17 20:00,1549.5,27799.25,52.15
2012/1/17 21:00,1636.5,26822.5,44.57
2012/1/17 22:00,1725.25,25618.75,46.73
2012/1/17 23:00,1825.25,23654.25,44.41
2012/1/18 0:00,1839.75,21672,42.5
2012/1/18 1:00,1933.75,21148,41.5
2012/1/18 2:00,2080,20950.75,40.29
2012/1/18 3:00,2243.75,21019,39.29
2012/1/18 4:00,2406.75,21140.25,39.38
2012/1/18 5:00,2497.5,22170.5,40.1
2012/1/18 6:00,2650.25,25211.75,45.6
2012/1/18 7:00,2876,27430.5,54.8
2012/1/18 8:00,3226.75,28532.5,62.75
2012/1/18 9:00,3612.25,28317,57.62
2012/1/18 10:00,3950.5,28698.25,47.7
2012/1/18 11:00,4045.5,29084,46.32
2012/1/18 12:00,4133.75,29204,44.59
2012/1/18 13:00,4282.75,28977.5,44
2012/1/18 14:00,4607.5,28537,43.12
2012/1/18 15:00,5063.75,28657,44.59
2012/1/18 16:00,5725,28574.25,44.3
2012/1/18 17:00,6459.25,29738,55.27
2012/1/18 18:00,7173.25,29818.75,47.18
2012/1/18 19:00,7601.25,29300,42.05
2012/1/18 20:00,7881.75,27390.5,44.19
2012/1/18 21:00,8012.75,26320.5,43.14
2012/1/18 22:00,8029,25281.25,41.34
2012/1/18 23:00,7915.25,23395,37.31
2012/1/19 0:00,8327.5,21889.25,32.18
2012/1/19 1:00,7798.75,21135.25,31
2012/1/19 2:00,7289.75,20698.5,31.05
2012/1/19 3:00,6842.75,20750,31.27
2012/1/19 4:00,6261.5,20757.5,32.7
2012/1/19 5:00,5823.5,21767.25,37.46
2012/1/19 6:00,5517.25,25088.75,46.59
2012/1/19 7:00,5388,27596.75,53.2
2012/1/19 8:00,5439,28565.5,54.73
2012/1/19 9:00,5537,28078.75,54.61
2012/1/19 10:00,5625.25,28435.75,53.2
2012/1/19 11:00,5639,28905.25,55.97
2012/1/19 12:00,5696.75,28767.25,53.23
2012/1/19 13:00,5899,28555,50.13
2012/1/19 14:00,6113,28214,45.62
2012/1/19 15:00,6258.75,27884,42.57
2012/1/19 16:00,6401.25,27849,42.17
2012/1/19 17:00,6497.5,29230.5,50.26
2012/1/19 18:00,6536,29534.5,57.97
2012/1/19 19:00,6480.25,28838.75,53.06
2012/1/19 20:00,6711.75,27306,46.78
2012/1/19 21:00,7032.25,26056.5,43.34
2012/1/19 22:00,7544,24791.75,44.33
2012/1/19 23:00,7889.25,22760.25,40.38
2012/1/20 0:00,10147.75,21616,31.8
2012/1/20 1:00,9907.25,20896.5,31.54
2012/1/20 2:00,9724,20657.75,30.23
2012/1/20 3:00,9659.25,20969,27.52
2012/1/20 4:00,9596.25,21305.5,28.05
2012/1/20 5:00,9526.5,22340.5,31.17
2012/1/20 6:00,9541,25118.25,39.33
2012/1/20 7:00,9428.25,27383.5,45.95
2012/1/20 8:00,9197,28343.75,49.91
2012/1/20 9:00,8970.5,28315.25,45.87
2012/1/20 10:00,8852.25,28723.75,45.62
2012/1/20 11:00,8754.5,28705,45.57
2012/1/20 12:00,8566,28909,46.08
2012/1/20 13:00,8255.25,28490.25,45.91
2012/1/20 14:00,7832.5,28237.75,46.47
2012/1/20 15:00,7234.25,27568.5,45.24
2012/1/20 16:00,6504.5,27698.25,47.48
2012/1/20 17:00,5894.5,28809.75,55.07
2012/1/20 18:00,5441.25,28761.5,58.46
2012/1/20 19:00,5174.5,27408,51.58
2012/1/20 20:00,4910.75,25522.25,46.44
2012/1/20 21:00,4710.25,24576,41.49
2012/1/20 22:00,4589,23832.25,44.25
2012/1/20 23:00,4536.25,22358.5,44.58
2012/1/21 0:00,4040,20750.5,47.55
2012/1/21 1:00,3976,19833,44
2012/1/21 2:00,3947.25,19287.5,39.88
2012/1/21 3:00,4011,19390.5,35.11
2012/1/21 4:00,4326.5,19400,33.15
2012/1/21 5:00,4847,19357.75,33.06
2012/1/21 6:00,5558.5,19083.5,33.07
2012/1/21 7:00,6432.25,19702.5,35.69
2012/1/21 8:00,7359.25,21190.5,39.56
2012/1/21 9:00,8244.5,22854.75,45
2012/1/21 10:00,9103,23894,43
2012/1/21 11:00,10013.5,24214.5,40.91
2012/1/21 12:00,10781.25,24381.75,40.54
2012/1/21 13:00,11189.5,23654.25,36.89
2012/1/21 14:00,11278,23170,33.29
2012/1/21 15:00,11168,22939.25,33.25
2012/1/21 16:00,11101.5,23194.25,34.41
2012/1/21 17:00,11005.25,24125.5,45.06
2012/1/21 18:00,11233,24036.5,46.89
2012/1/21 19:00,11399.25,23477.25,42.6
2012/1/21 20:00,11690,22137.25,36.94
2012/1/21 21:00,11956,21348,33.02
2012/1/21 22:00,12237,21218,32.74
2012/1/21 23:00,12446.25,20201.5,16.92
2012/1/22 0:00,12208,19024.5,27.28
2012/1/22 1:00,12293.5,18116.25,12.23
2012/1/22 2:00,12469.25,17441,0
2012/1/22 3:00,12682,17393.75,-0.05
2012/1/22 4:00,12798.75,17210.5,-3.53
2012/1/22 5:00,12811,17003.25,-10.05
2012/1/22 6:00,12818.5,16114.25,-100.08
2012/1/22 7:00,12928.75,15774.5,-10
2012/1/22 8:00,12911.75,17533.75,3.05
2012/1/22 9:00,12903.25,18673.75,0.57
2012/1/22 10:00,12806.25,20606,12.29
2012/1/22 11:00,12690.25,22361.5,28.06
2012/1/22 12:00,12434.75,22697.5,19.94
2012/1/22 13:00,11806.25,21901.75,16.81
2012/1/22 14:00,11074.75,21702.5,18.53
2012/1/22 15:00,10491,21583,18.52
2012/1/22 16:00,9994.25,21738.75,22.5
2012/1/22 17:00,9598.75,22943.5,39.93
2012/1/22 18:00,9202.25,23024,42.89
2012/1/22 19:00,8988,22828.5,45.32
2012/1/22 20:00,8667.25,21804.5,38.98
2012/1/22 21:00,8253.75,20883.25,34.4
2012/1/22 22:00,7769.75,20935.75,36.95
2012/1/22 23:00,7360.75,19774.5,33.24
2012/1/23 0:00,6503,18736,31.97
2012/1/23 1:00,5906.5,18388,31.32
2012/1/23 2:00,5472.25,18157.5,30.95
2012/1/23 3:00,5004.25,18511.5,28.04
2012/1/23 4:00,4660,18831.5,28.02
2012/1/23 5:00,4273.25,20181,31.63
2012/1/23 6:00,3952.75,23971,41.15
2012/1/23 7:00,3606.5,26140.5,52.06
2012/1/23 8:00,3450.25,27492.75,55.01
2012/1/23 9:00,3426,27341.5,50.97
2012/1/23 10:00,3481.25,27768.25,50.79
2012/1/23 11:00,3646,28245,51.51
2012/1/23 12:00,3775.25,28213,50.06
2012/1/23 13:00,3847.25,27970.25,47.9
2012/1/23 14:00,3769,27890.5,46.82
2012/1/23 15:00,3661.25,27697.25,45.07
2012/1/23 16:00,3452.25,27364.75,47.42
2012/1/23 17:00,3236.75,28223.25,55.05
2012/1/23 18:00,3105.75,28200.75,60.2
2012/1/23 19:00,3058.5,27546.75,55.15
2012/1/23 20:00,3071.25,25964,47.41
2012/1/23 21:00,2953,24751.75,40.57
2012/1/23 22:00,2844,23785,39.69
2012/1/23 23:00,2631.75,22560.75,37.44
2012/1/24 0:00,2542.25,21587.5,40.23
2012/1/24 1:00,2430.75,20600,38.35
2012/1/24 2:00,2312.5,20160,35.81
2012/1/24 3:00,2249,20405,34.42
2012/1/24 4:00,2148.5,20708.5,35.16
2012/1/24 5:00,2047.25,21895.5,37.34
2012/1/24 6:00,1918,25458.5,42
2012/1/24 7:00,1782,27907.5,55.07
2012/1/24 8:00,1647.5,28490.75,54.93
2012/1/24 9:00,1584.25,28584,55.93
2012/1/24 10:00,1458.75,28957,54.27
2012/1/24 11:00,1333.75,29407,53.99
2012/1/24 12:00,1236.75,29682.5,52.97
2012/1/24 13:00,1159,29560.25,52.35
2012/1/24 14:00,1114.25,29191.75,51.2
2012/1/24 15:00,1103,29167.5,50.97
2012/1/24 16:00,1060.25,28972,55.08
2012/1/24 17:00,1009.75,29846.25,64.5
2012/1/24 18:00,962,29785.5,67.01
2012/1/24 19:00,871,29128,59.32
2012/1/24 20:00,792.5,27611.25,52.99
2012/1/24 21:00,721.25,26229.25,47.96
2012/1/24 22:00,687.25,25229.75,47.96
2012/1/24 23:00,652,23013.5,44.61
2012/1/25 0:00,422,21597.25,41.8
2012/1/25 1:00,441.5,20990.25,39.48
2012/1/25 2:00,464.25,20484.25,38.27
2012/1/25 3:00,503,20539.25,37.18
2012/1/25 4:00,541.75,20783.25,37
2012/1/25 5:00,554.5,21945.25,38.5
2012/1/25 6:00,613.75,25482.5,43.16
2012/1/25 7:00,712.5,28202.75,58.01
2012/1/25 8:00,866,28750,58.04
2012/1/25 9:00,1014.25,28792.25,55.07
2012/1/25 10:00,1120.5,29247,51.5
2012/1/25 11:00,1210,29652,50.24
2012/1/25 12:00,1251,29863.25,47.51
2012/1/25 13:00,1274.5,29763,45.87
2012/1/25 14:00,1329.25,29311.75,45.13
2012/1/25 15:00,1423.5,29246.75,45.11
2012/1/25 16:00,1578,29009.75,46.52
2012/1/25 17:00,1770.25,29980.75,58.02
2012/1/25 18:00,2038,30019,66.09
2012/1/25 19:00,2330.75,29431.5,53.99
2012/1/25 20:00,2592.5,27788.75,47.16
2012/1/25 21:00,2801.5,26443.5,45.35
2012/1/25 22:00,2956.75,25362,42.52
2012/1/25 23:00,3017.5,23042.5,40.28
2012/1/26 0:00,3021.5,21464.75,38.86
2012/1/26 1:00,3035.25,20975,37.73
2012/1/26 2:00,3046,20472,36.45
2012/1/26 3:00,3148.25,20587.5,33.59
2012/1/26 4:00,3343.75,20791.25,33.96
2012/1/26 5:00,3556,21868.25,35.71
2012/1/26 6:00,3778,25026,42.29
2012/1/26 7:00,4037.75,27565.25,54.54
2012/1/26 8:00,4243.25,28169,57.78
2012/1/26 9:00,4385.25,27900.5,51.96
2012/1/26 10:00,4468.75,28283.25,48.51
2012/1/26 11:00,4446.5,28543.5,46.3
2012/1/26 12:00,4527.75,28682.5,42.23
2012/1/26 13:00,4669.5,28819,42.81
2012/1/26 14:00,4889.25,28540.75,43.15
2012/1/26 15:00,5081,28449.75,45.29
2012/1/26 16:00,5312.5,27991.5,46.26
2012/1/26 17:00,5541,28753.5,57.25
2012/1/26 18:00,5715.25,29226.5,58.51
2012/1/26 19:00,5743,28723.25,55.06
2012/1/26 20:00,5564.25,27146.75,49
2012/1/26 21:00,5261,25750.5,42.91
2012/1/26 22:00,4887.75,23818.5,44.94
2012/1/26 23:00,4584.5,22102.75,39.29
2012/1/27 0:00,4897.75,21318,40.58
2012/1/27 1:00,4532.5,20801.25,39.32
2012/1/27 2:00,4198.5,20590.5,37.96
2012/1/27 3:00,3862.5,20843.5,34.95
2012/1/27 4:00,3575,21285.5,34.31
2012/1/27 5:00,3336.5,22488.25,39.65
2012/1/27 6:00,3090,25895.25,42.8
2012/1/27 7:00,2922,28553.75,51.97
2012/1/27 8:00,2732.5,29291.5,55.94
2012/1/27 9:00,2577.5,28917.5,59.15
2012/1/27 10:00,2420.75,28883,58.54
2012/1/27 11:00,2241.25,29304.25,56.68
2012/1/27 12:00,1972,29066,58
2012/1/27 13:00,1822.75,28355.5,51.56
2012/1/27 14:00,1743,27874,47.8
2012/1/27 15:00,1757.75,27434,45.34
2012/1/27 16:00,1821.25,27638,46.04
2012/1/27 17:00,1850.75,28911.25,59.41
2012/1/27 18:00,1904.75,29247.5,65.04
2012/1/27 19:00,1928,28452.5,59.7
2012/1/27 20:00,1871,26797.5,47.99
2012/1/27 21:00,1784.25,26055.25,44.75
2012/1/27 22:00,1700,25042.25,47.91
2012/1/27 23:00,1602.75,23080.5,44.75
2012/1/28 0:00,1202,21035.5,45.5
2012/1/28 1:00,1087.75,20459.75,40.97
2012/1/28 2:00,997.25,20189.5,38.81
2012/1/28 3:00,982,19841,36.57
2012/1/28 4:00,950.5,19731.75,36.58
2012/1/28 5:00,937.75,19686,36.06
2012/1/28 6:00,914.5,19749.5,36.97
2012/1/28 7:00,906,20896.25,39.99
2012/1/28 8:00,874.75,22777.5,43.64
2012/1/28 9:00,816.25,24084.25,48.99
2012/1/28 10:00,768.75,24859.75,51.87
2012/1/28 11:00,664.5,25069.25,52.39
2012/1/28 12:00,642.25,24766.75,52.92
2012/1/28 13:00,607.25,23910.25,49.58
2012/1/28 14:00,680,23431.25,44.29
2012/1/28 15:00,802,23279.75,42.64
2012/1/28 16:00,981,23315.75,43
2012/1/28 17:00,1138.5,24951.5,53.28
2012/1/28 18:00,1257.75,25754.5,60.42
2012/1/28 19:00,1306.25,25082.75,56.99
2012/1/28 20:00,1313.5,23815.25,47.98
2012/1/28 21:00,1291,22866.25,41.16
2012/1/28 22:00,1291,22626.25,45.12
2012/1/28 23:00,1301,21450.5,42.42
2012/1/29 0:00,1400.5,19428.25,42.52
2012/1/29 1:00,1457.5,18837,39.24
2012/1/29 2:00,1536,18717,38.43
2012/1/29 3:00,1606.5,18623,35
2012/1/29 4:00,1675.75,18690.5,33.53
2012/1/29 5:00,1746.5,18444.25,33.38
2012/1/29 6:00,1860,17784.75,33.74
2012/1/29 7:00,1974.25,17852.5,35.12
2012/1/29 8:00,2010,18850.25,35.88
2012/1/29 9:00,2029.75,20331.75,40.5
2012/1/29 10:00,2111.75,21413.5,44.35
2012/1/29 11:00,2210,22743.25,47.99
2012/1/29 12:00,2327.5,22749.75,49.93
2012/1/29 13:00,2473.25,22407.5,44.32
2012/1/29 14:00,2761.5,21960.75,40.08
2012/1/29 15:00,3055.25,21677.75,38.07
2012/1/29 16:00,3303.25,21208.25,37.9
2012/1/29 17:00,3538.75,22650.75,45.9
2012/1/29 18:00,3711.5,23616.5,55.97
2012/1/29 19:00,3786.5,23419.5,55.78
2012/1/29 20:00,3779.25,22817,48.96
2012/1/29 21:00,3736.5,22010,39.16
2012/1/29 22:00,3731,22385.25,44.93
2012/1/29 23:00,3769.75,20717.5,35.26
2012/1/30 0:00,3989.5,19311,34.99
2012/1/30 1:00,4092,18648.25,34.18
2012/1/30 2:00,4193,18518.5,32.55
2012/1/30 3:00,4321.25,18917.75,30.08
2012/1/30 4:00,4380.75,19217.5,29.67
2012/1/30 5:00,4433,20356,32.19
2012/1/30 6:00,4490,23927.75,40.06
2012/1/30 7:00,4530.5,26775.25,51.35
2012/1/30 8:00,4550.25,27619,55.97
2012/1/30 9:00,4548.5,27848.5,52.91
2012/1/30 10:00,4490.5,28206.25,49.08
2012/1/30 11:00,4448.75,28461.5,49.9
2012/1/30 12:00,4476.5,28213.5,46.65
2012/1/30 13:00,4577.5,28034.25,46.65
2012/1/30 14:00,4804.75,27630.75,45.41
2012/1/30 15:00,5033.5,27184.25,46.48
2012/1/30 16:00,5161,26743.25,49.93
2012/1/30 17:00,5263,27891.5,58.71
2012/1/30 18:00,5330,28256.25,59.28
2012/1/30 19:00,5360.5,27799,51.59
2012/1/30 20:00,5256.25,26209.25,45.39
2012/1/30 21:00,5067.25,25070,42.19
2012/1/30 22:00,4898,24285.25,40.66
2012/1/30 23:00,4730.75,22296.5,37.54
2012/1/31 0:00,5005.75,21333,38.24
2012/1/31 1:00,4994.25,20553.75,37.94
2012/1/31 2:00,4956.75,20376,37.84
2012/1/31 3:00,4895.5,20567.25,36.69
2012/1/31 4:00,4884.5,20765,37.02
2012/1/31 5:00,4922.25,21703.5,38.38
2012/1/31 6:00,4947.75,24631.5,45.95
2012/1/31 7:00,4937,27210,55.01
2012/1/31 8:00,4872.25,27897,60.8
2012/1/31 9:00,4858.75,27838.75,60.91
2012/1/31 10:00,4874,28124.25,52.97
2012/1/31 11:00,4948.75,28247.75,52.04
2012/1/31 12:00,4883.75,28258.25,50.1
2012/1/31 13:00,4978,28257.25,48.99
2012/1/31 14:00,5115.5,28076.5,45.82
2012/1/31 15:00,5171.5,27758.25,48.92
2012/1/31 16:00,5302.75,27408,48.88
2012/1/31 17:00,5312.5,28439.25,58.44
2012/1/31 18:00,5360.75,28822,70.94
2012/1/31 19:00,5286,28257,56.9
2012/1/31 20:00,5121.75,26777,49.97
2012/1/31 21:00,4802,25315.75,46.57
2012/1/31 22:00,4505.25,24340.5,46.94
2012/1/31 23:00,4165,23052.5,43.05
2012/2/1 0:00,2993,21567,41.9
2012/2/1 1:00,2899.5,20842.25,40.09
2012/2/1 2:00,2849.25,20658.25,38.52
2012/2/1 3:00,2790.75,20746,38.7
2012/2/1 4:00,2741.5,21066.5,39.94
2012/2/1 5:00,2724.5,21982.25,43.33
2012/2/1 6:00,2712.75,24780,45.02
2012/2/1 7:00,2712.75,27444.75,56.04
2012/2/1 8:00,2773.75,28046.75,59.7
2012/2/1 9:00,2747.75,27968,61.19
2012/2/1 10:00,2709.75,28294.25,62.23
2012/2/1 11:00,2682.75,28534,59.27
2012/2/1 12:00,2731,28552,58.48
2012/2/1 13:00,2847,28630.75,54.93
2012/2/1 14:00,3069.5,28479,50.84
2012/2/1 15:00,3250.75,28217.5,49.37
2012/2/1 16:00,3343.25,27770.25,48.83
2012/2/1 17:00,3394,28723.5,56.99
2012/2/1 18:00,3427.25,29122.25,78.92
2012/2/1 19:00,3448.5,28504,56.94
2012/2/1 20:00,3365,27098.75,51.5
2012/2/1 21:00,3247.25,25621.5,47.98
2012/2/1 22:00,3095.75,24575.75,46.33
2012/2/1 23:00,2917.5,23419.75,42
2012/2/2 0:00,2704,21915.5,41.95
2012/2/2 1:00,2512.25,21174.25,40.33
2012/2/2 2:00,2331.25,21075.75,39.76
2012/2/2 3:00,2172,21054.25,40.36
2012/2/2 4:00,2012.5,21252.25,41.88
2012/2/2 5:00,1894.75,21916.5,43.45
2012/2/2 6:00,1779.75,25020.5,47.57
2012/2/2 7:00,1663.5,27565.5,78.54
2012/2/2 8:00,1565,28120,100.52
2012/2/2 9:00,1456.5,28082.25,72.91
2012/2/2 10:00,1354.5,28324.5,73.03
2012/2/2 11:00,1323.5,28325,72.88
2012/2/2 12:00,1281.5,28415.75,64.97
2012/2/2 13:00,1298,28419,59
2012/2/2 14:00,1340,28043,56.11
2012/2/2 15:00,1389.5,27631.75,56.91
2012/2/2 16:00,1410.75,27400.5,55.04
2012/2/2 17:00,1388.25,28498,75
2012/2/2 18:00,1365,29595,120
2012/2/2 19:00,1317,29261,99.92
2012/2/2 20:00,1234.75,27639.5,66.23
2012/2/2 21:00,1125,26495.25,56.19
2012/2/2 22:00,1067.5,25581,49.56
2012/2/2 23:00,1036.75,24096.5,44.01
2012/2/3 0:00,928.25,22776.5,45.91
2012/2/3 1:00,878,22184.75,43.8
2012/2/3 2:00,903.25,21902,42.16
2012/2/3 3:00,917,21911.25,42.53
2012/2/3 4:00,983.25,21649.75,42.95
2012/2/3 5:00,980.25,22199.25,42.96
2012/2/3 6:00,1075.75,24837,51.99
2012/2/3 7:00,1164.25,27306,87.92
2012/2/3 8:00,1272.5,28422.25,106.51
2012/2/3 9:00,1346.25,28025,85.8
2012/2/3 10:00,1356,28373,79.96
2012/2/3 11:00,1431.25,28597.75,80.06
2012/2/3 12:00,1388.5,28374.5,67.7
2012/2/3 13:00,1377.75,27615.25,58.32
2012/2/3 14:00,1372,27111.25,54.3
2012/2/3 15:00,1327.25,27043.75,54.19
2012/2/3 16:00,1311.5,26615,58.41
2012/2/3 17:00,1260.75,27871.5,93.36
2012/2/3 18:00,1236,28731.5,111.42
2012/2/3 19:00,1169,28010.25,75.26
2012/2/3 20:00,1170.5,26650.25,57.99
2012/2/3 21:00,1116,25910,50.74
2012/2/3 22:00,1043.5,24362.25,53
2012/2/3 23:00,1007,22669.25,44.28
2012/2/4 0:00,725.25,22138.75,50.74
2012/2/4 1:00,730.25,21405,46
2012/2/4 2:00,738.75,20976,44.52
2012/2/4 3:00,773.5,20369.25,45.2
2012/2/4 4:00,798,19951.75,45.69
2012/2/4 5:00,836.25,19699.25,44.19
2012/2/4 6:00,851.5,19393,42.64
2012/2/4 7:00,837.75,20649.75,44.25
2012/2/4 8:00,791.5,21715.75,46.75
2012/2/4 9:00,708.5,23240.25,53
2012/2/4 10:00,649,24617.75,55.54
2012/2/4 11:00,625.25,24504.75,51.29
2012/2/4 12:00,694,24210.75,48.19
2012/2/4 13:00,704,23602.5,45.22
2012/2/4 14:00,774.25,23288.75,44.23
2012/2/4 15:00,825.75,23254.25,44.94
2012/2/4 16:00,844.5,23052.5,50.91
2012/2/4 17:00,824.75,24350,68.38
2012/2/4 18:00,823.5,25285.5,103.46
2012/2/4 19:00,813,24760,67.13
2012/2/4 20:00,789,23923.25,51.98
2012/2/4 21:00,814.5,23194.75,47.95
2012/2/4 22:00,806,22927.5,47.44
2012/2/4 23:00,766.75,21892.25,43.44
2012/2/5 0:00,799,20076.5,44.27
2012/2/5 1:00,841.75,19298.75,42.88
2012/2/5 2:00,913.75,18759.25,41.31
2012/2/5 3:00,949.75,18226.75,41.12
2012/2/5 4:00,987.75,17962.75,41.24
2012/2/5 5:00,1054.75,17791.75,40.69
2012/2/5 6:00,1088.75,17166.25,40.45
2012/2/5 7:00,1127.5,17658,40.58
2012/2/5 8:00,1157.75,18373.75,40.56
2012/2/5 9:00,1141.5,19559.25,43.18
2012/2/5 10:00,1117.5,21283.75,42.83
2012/2/5 11:00,1085.5,22267.5,42.83
2012/2/5 12:00,1044.25,22647,41.11
2012/2/5 13:00,1039.5,22402.25,39.32
2012/2/5 14:00,1069,22097,39.09
2012/2/5 15:00,1138,21884.75,41.53
2012/2/5 16:00,1247.75,21497,43.34
2012/2/5 17:00,1360.5,22674,51.93
2012/2/5 18:00,1519.75,23850,58.95
2012/2/5 19:00,1611.5,23771.5,52.91
2012/2/5 20:00,1676.25,23362.25,48.84
2012/2/5 21:00,1657.75,23442.25,45.65
2012/2/5 22:00,1610.5,23770,51.94
2012/2/5 23:00,1547.25,22398.25,47.37
2012/2/6 0:00,1134.5,20837.25,47.09
2012/2/6 1:00,1077.25,20261.5,42.4
2012/2/6 2:00,1026.25,19878.5,42
2012/2/6 3:00,954.25,19738,40.2
2012/2/6 4:00,889.75,19956.5,42.43
2012/2/6 5:00,868,21161.25,44.52
2012/2/6 6:00,853,24347.75,58
2012/2/6 7:00,871.75,27370.5,100.31
2012/2/6 8:00,875.5,27638,120
2012/2/6 9:00,820.25,27680.25,108.54
2012/2/6 10:00,762,28868,101.64
2012/2/6 11:00,725.75,29529.5,90.92
2012/2/6 12:00,698,29616.5,79.93
2012/2/6 13:00,682.5,29607.75,79.6
2012/2/6 14:00,718.75,29232.5,73.97
2012/2/6 15:00,758.75,28994.5,73.78
2012/2/6 16:00,846.5,28196.75,84.98
2012/2/6 17:00,936.75,28849,105.71
2012/2/6 18:00,1027.25,29691.5,142.91
2012/2/6 19:00,1115.5,29134.25,124.78
2012/2/6 20:00,1136.75,28171.75,100.09
2012/2/6 21:00,1119,27593,71.59
2012/2/6 22:00,1080.5,26626.25,65.27
2012/2/6 23:00,1063,24685.25,54.06
2012/2/7 0:00,782.5,23384.5,53.54
2012/2/7 1:00,783,22558.5,51.8
2012/2/7 2:00,781.75,21874.75,46.96
2012/2/7 3:00,816,21591.5,45.07
2012/2/7 4:00,854.5,21593.75,45
2012/2/7 5:00,929.75,22687.25,47.02
2012/2/7 6:00,1039.25,25402.5,66.96
2012/2/7 7:00,1142,28154.25,120.03
2012/2/7 8:00,1206.5,27687,120
2012/2/7 9:00,1265.25,27763.25,115
2012/2/7 10:00,1323.75,29575.5,99.3
2012/2/7 11:00,1477.75,29738.75,95.93
2012/2/7 12:00,1686.75,29892,95.91
2012/2/7 13:00,1897.5,29700,84.27
2012/2/7 14:00,2134.25,29430.25,69.91
2012/2/7 15:00,2295.5,28895.75,68.06
2012/2/7 16:00,2381.5,28130.25,72.75
2012/2/7 17:00,2440.5,28568.25,100
2012/2/7 18:00,2502,29969.5,125.07
2012/2/7 19:00,2587.5,29525.5,100.05
2012/2/7 20:00,2637.25,28517.25,85.04
2012/2/7 21:00,2642.75,27845.75,61.38
2012/2/7 22:00,2604,26935.75,59.11
2012/2/7 23:00,2540.25,25219,46.77
2012/2/8 0:00,2390.25,24131.75,44.43
2012/2/8 1:00,2304.75,23387,43.17
2012/2/8 2:00,2245.5,22717.75,42.48
2012/2/8 3:00,2191.75,22567.75,42.62
2012/2/8 4:00,2156.75,22477.25,44.4
2012/2/8 5:00,2104.25,23291.75,45.74
2012/2/8 6:00,2017.75,25973.75,64.98
2012/2/8 7:00,1945.5,28375,119.93
2012/2/8 8:00,1826.25,28714.25,156
2012/2/8 9:00,1684,28813.25,124.96
2012/2/8 10:00,1558,29373,107.52
2012/2/8 11:00,1413.5,29502.25,111.88
2012/2/8 12:00,1289.75,29693,100.5
2012/2/8 13:00,1163.25,29512.75,100.08
2012/2/8 14:00,1127.5,29273.5,99.91
2012/2/8 15:00,1127,28740.25,105.51
2012/2/8 16:00,1138,28032.5,121.12
2012/2/8 17:00,1120.25,28507.25,151.88
2012/2/8 18:00,1094.75,29931,210
2012/2/8 19:00,1053.5,29579.5,169.9
2012/2/8 20:00,995.75,28425.25,136.03
2012/2/8 21:00,911.5,27704,94.89
2012/2/8 22:00,860.25,26884.75,79.71
2012/2/8 23:00,863.25,25211.5,57.94
2012/2/9 0:00,816.25,23861.5,55.07
2012/2/9 1:00,911.75,23151.5,51.05
2012/2/9 2:00,1056.25,22459.25,43.47
2012/2/9 3:00,1227.25,22140.5,42.44
2012/2/9 4:00,1450.25,21807,43.46
2012/2/9 5:00,1739,22713.25,45.16
2012/2/9 6:00,2052.25,26129.5,60.4
2012/2/9 7:00,2335.5,28413.25,104.37
2012/2/9 8:00,2623,28955.75,94.9
2012/2/9 9:00,2953.25,28840.25,86.4
2012/2/9 10:00,3251,28962.25,100.31
2012/2/9 11:00,3515,29161.25,81.08
2012/2/9 12:00,3648,29145.5,77.1
2012/2/9 13:00,3670.5,29649.5,73.8
2012/2/9 14:00,3700.5,29632,69.91
2012/2/9 15:00,3562,29537.25,71.24
2012/2/9 16:00,3369.5,28876,68.91
2012/2/9 17:00,3108,29335.25,101.36
2012/2/9 18:00,2860.75,30367.5,169.9
2012/2/9 19:00,2646.25,29886.5,121.01
2012/2/9 20:00,2370.75,28620.5,86.78
2012/2/9 21:00,2115,28037.75,67.43
2012/2/9 22:00,1876,26938.25,65.06
2012/2/9 23:00,1640.25,25357.25,55.08
2012/2/10 0:00,1764,24066.75,45.59
2012/2/10 1:00,1563.5,23355.25,45.18
2012/2/10 2:00,1392.75,22406.25,44.9
2012/2/10 3:00,1277.25,22024.25,45.13
2012/2/10 4:00,1177.5,21916.75,46.2
2012/2/10 5:00,1082.25,22862.5,49.57
2012/2/10 6:00,1008.25,26190.5,60.03
2012/2/10 7:00,965,28621.75,183.49
2012/2/10 8:00,906.25,29544,175.55
2012/2/10 9:00,827.5,29633.75,124.96
2012/2/10 10:00,809.5,30063.75,105
2012/2/10 11:00,790,30056.5,90.46
2012/2/10 12:00,822,29813.25,85.82
2012/2/10 13:00,887,29743.25,74.47
2012/2/10 14:00,919,29195.5,60.18
2012/2/10 15:00,958.75,28463,60
2012/2/10 16:00,951.75,27596,69.96
2012/2/10 17:00,964.75,28538.25,110.41
2012/2/10 18:00,995,29533.25,158.33
2012/2/10 19:00,994.5,29166.75,101.04
2012/2/10 20:00,947,27766,69.92
2012/2/10 21:00,866.5,27050.5,59.94
2012/2/10 22:00,850,26407.5,60.73
2012/2/10 23:00,793.5,24624,52.6
2012/2/11 0:00,817,23400.75,50.29
2012/2/11 1:00,744.75,22462.75,45.14
2012/2/11 2:00,722,21634.25,43.16
2012/2/11 3:00,688.75,21216.5,42.29
2012/2/11 4:00,688.5,20973.75,42.07
2012/2/11 5:00,681.75,20698.75,42.01
2012/2/11 6:00,663.75,20277,40.42
2012/2/11 7:00,647,21111,41.84
2012/2/11 8:00,632.75,22721.75,47.46
2012/2/11 9:00,563,24370.75,56.99
2012/2/11 10:00,542,25356.5,65.29
2012/2/11 11:00,550,25772.5,59.68
2012/2/11 12:00,590.5,25559.5,52.93
2012/2/11 13:00,634.75,25176,49.31
2012/2/11 14:00,695.5,24692.75,43.03
2012/2/11 15:00,739,24419.25,44.01
2012/2/11 16:00,738.75,24238.5,50.19
2012/2/11 17:00,745.5,25120,67.45
2012/2/11 18:00,710.5,26525.75,95.2
2012/2/11 19:00,658.25,25975.5,80.01
2012/2/11 20:00,608.5,24574.25,66.93
2012/2/11 21:00,567.75,24089.25,51.99
2012/2/11 22:00,533.5,23921.25,53.8
2012/2/11 23:00,501.5,22910.75,45.14
2012/2/12 0:00,476.25,21677.75,45.2
2012/2/12 1:00,498.5,20915.75,42.68
2012/2/12 2:00,571.5,20566.25,39.93
2012/2/12 3:00,646.25,19845.75,40.84
2012/2/12 4:00,712,19655,39.28
2012/2/12 5:00,785.75,19107.5,38.49
2012/2/12 6:00,891.75,18165.75,36.33
2012/2/12 7:00,1001.75,18184,36.12
2012/2/12 8:00,1128.25,19428.25,36.79
2012/2/12 9:00,1228.25,21106.75,37.14
2012/2/12 10:00,1299.5,22200.25,37.77
2012/2/12 11:00,1312.5,23157.75,38.49
2012/2/12 12:00,1381.5,23236.5,38.63
2012/2/12 13:00,1462.75,22820.25,36.99
2012/2/12 14:00,1528.75,22372.5,36.77
2012/2/12 15:00,1567.75,21942.75,37.45
2012/2/12 16:00,1556.75,21496.25,36.91
2012/2/12 17:00,1542.75,22179.5,45.59
2012/2/12 18:00,1547.75,24048.75,62.23
2012/2/12 19:00,1524.25,24123.75,66.91
2012/2/12 20:00,1470.75,23359.25,49.98
2012/2/12 21:00,1413,23056.5,45.99
2012/2/12 22:00,1286.25,23586,50
2012/2/12 23:00,1191.5,22419,43.43
2012/2/13 0:00,1162,21018.25,42.53
2012/2/13 1:00,1029,20173,40.04
2012/2/13 2:00,914,19928.5,40.09
2012/2/13 3:00,816.5,19932.5,40.14
2012/2/13 4:00,753.75,20265.25,41.36
2012/2/13 5:00,716,21447,42.79
2012/2/13 6:00,688.5,24613.5,54.94
2012/2/13 7:00,682,26551.75,85.17
2012/2/13 8:00,680.75,27299.25,110.84
2012/2/13 9:00,671.5,27838.5,128.14
2012/2/13 10:00,683,28498.25,133.88
2012/2/13 11:00,705.75,29138,124.96
2012/2/13 12:00,760.25,29344.75,113
2012/2/13 13:00,852.5,29227.75,108.87
2012/2/13 14:00,968,28966.25,103.65
2012/2/13 15:00,1047.5,28663.5,87.93
2012/2/13 16:00,1117.75,27945.25,87.61
2012/2/13 17:00,1206,28268.5,98.93
2012/2/13 18:00,1296.5,29329.75,138.71
2012/2/13 19:00,1387,28925.75,127.13
2012/2/13 20:00,1445.25,27263.75,89.76
2012/2/13 21:00,1470.75,26257.25,68.04
2012/2/13 22:00,1523.25,25405,62.9
2012/2/13 23:00,1525.25,23753.5,54.83
2012/2/14 0:00,908.75,22836.5,49.01
2012/2/14 1:00,873.5,21972.5,47.96
2012/2/14 2:00,862.5,21957.25,45.07
2012/2/14 3:00,879.5,21913.5,43.09
2012/2/14 4:00,892,22134.5,39.91
2012/2/14 5:00,879.5,23384.75,43.99
2012/2/14 6:00,905,26449.5,64.31
2012/2/14 7:00,919.5,28434.5,86.12
2012/2/14 8:00,980,29202.25,87.83
2012/2/14 9:00,1039.25,29406.75,88.52
2012/2/14 10:00,1126.5,29692.75,83.2
2012/2/14 11:00,1184,30231.5,81.37
2012/2/14 12:00,1343.75,30117.25,76
2012/2/14 13:00,1462.5,30235,74.3
2012/2/14 14:00,1658.75,30013.5,71.76
2012/2/14 15:00,1852.25,29762.25,68.1
2012/2/14 16:00,2208.25,29071.5,63.4
2012/2/14 17:00,2673.5,29224,76
2012/2/14 18:00,3228,30388,97.41
2012/2/14 19:00,3941.25,29806.25,74.06
2012/2/14 20:00,4683,28265.75,52.75
2012/2/14 21:00,5435.75,27401.5,44.94
2012/2/14 22:00,6157.75,26514.75,39.86
2012/2/14 23:00,6823.5,24466.5,34
2012/2/15 0:00,7092,22955.75,33.51
2012/2/15 1:00,7750,22272.75,16.89
2012/2/15 2:00,8182.75,21959.75,16.86
2012/2/15 3:00,8513.5,21949.5,14.97
2012/2/15 4:00,8614,22046,13.33
2012/2/15 5:00,8513.5,23268.75,16.87
2012/2/15 6:00,8219.5,26364.5,36.29
2012/2/15 7:00,7931,28474.5,41.79
2012/2/15 8:00,7726.75,29310.25,42.2
2012/2/15 9:00,7788,29533.5,40.56
2012/2/15 10:00,7945.5,29765.75,40.08
2012/2/15 11:00,8210,30420,39
2012/2/15 12:00,8435.25,30333.75,38.51
2012/2/15 13:00,8517.5,30474,38.12
2012/2/15 14:00,8432.75,30325.5,37.91
2012/2/15 15:00,8232.25,30008.25,38.11
2012/2/15 16:00,7908,29408.25,38.42
2012/2/15 17:00,7452.75,29446,44.08
2012/2/15 18:00,7085.5,30579,55.91
2012/2/15 19:00,6754.5,29892,55.87
2012/2/15 20:00,6433.25,28325.75,42.26
2012/2/15 21:00,6016.25,27260.5,41.14
2012/2/15 22:00,5510,26380,42.23
2012/2/15 23:00,5002.75,24347.25,38.54
2012/2/16 0:00,3573.75,22663.5,41.02
2012/2/16 1:00,3100.75,21920,40.54
2012/2/16 2:00,2679.75,21336.75,40.25
2012/2/16 3:00,2306,21118.75,40.95
2012/2/16 4:00,1991,20841.25,40.56
2012/2/16 5:00,1742,21881.75,42.94
2012/2/16 6:00,1528.25,25226.75,51.05
2012/2/16 7:00,1331.25,27254,64.3
2012/2/16 8:00,1212.5,28218,80.06
2012/2/16 9:00,1105.25,28696,77.03
2012/2/16 10:00,1061.5,28934.75,71.14
2012/2/16 11:00,1080.75,29473.5,68.76
2012/2/16 12:00,1136.75,29561.5,58.08
2012/2/16 13:00,1252.75,29547,54.98
2012/2/16 14:00,1419,29327.5,51.81
2012/2/16 15:00,1633.25,28859,52.08
2012/2/16 16:00,1843.25,28588.5,51.63
2012/2/16 17:00,2108.25,28908.5,60.99
2012/2/16 18:00,2335,29865,82.31
2012/2/16 19:00,2661,29341,60.08
2012/2/16 20:00,2990.5,27496.25,52
2012/2/16 21:00,3359.75,26653.25,47.13
2012/2/16 22:00,3696,25775.5,44.99
2012/2/16 23:00,4030.75,24503,42.62
2012/2/17 0:00,4243,23206,38
2012/2/17 1:00,4417,22736,34.82
2012/2/17 2:00,4509.75,22267.25,34.56
2012/2/17 3:00,4536.25,22062,35.05
2012/2/17 4:00,4516.75,22047.5,35.59
2012/2/17 5:00,4431,22649.25,36.5
2012/2/17 6:00,4322,25739.75,41.1
2012/2/17 7:00,4140.75,27699.75,46.94
2012/2/17 8:00,3916.75,28178.75,50.16
2012/2/17 9:00,3722.5,28243,53.05
2012/2/17 10:00,3624.25,28531.75,61.98
2012/2/17 11:00,3616,28862.75,58.67
2012/2/17 12:00,3627.75,29308.5,54.86
2012/2/17 13:00,3549,29065,49.77
2012/2/17 14:00,3371.5,28558.25,45.17
2012/2/17 15:00,3143.5,28024.75,44
2012/2/17 16:00,2845,27565,43.9
2012/2/17 17:00,2598.25,27797.25,54.86
2012/2/17 18:00,2355,28966.75,72.2
2012/2/17 19:00,2164.75,28216,65.44
2012/2/17 20:00,1999.5,26778,51.92
2012/2/17 21:00,1868,25736.75,51.54
2012/2/17 22:00,1814.5,24982.25,46.91
2012/2/17 23:00,1811,23899,46.64
2012/2/18 0:00,1946.25,22617,52.44
2012/2/18 1:00,1985.75,21837.25,43.95
2012/2/18 2:00,2048,20928.5,43
2012/2/18 3:00,2137.25,20716.75,39.75
2012/2/18 4:00,2256,20764.5,37.1
2012/2/18 5:00,2346.25,20174.75,35.53
2012/2/18 6:00,2507.75,19735.25,34.96
2012/2/18 7:00,2679,20308.25,39.07
2012/2/18 8:00,2962,22097.75,47.77
2012/2/18 9:00,3256,23531.5,54.7
2012/2/18 10:00,3570.5,24311.25,54.44
2012/2/18 11:00,3922.5,24717.5,52.48
2012/2/18 12:00,4323.75,25087,49.91
2012/2/18 13:00,4623.75,24499,38.2
2012/2/18 14:00,4895.25,23925.5,36.17
2012/2/18 15:00,5082.75,23594.75,34.97
2012/2/18 16:00,5247.25,23360,37.86
2012/2/18 17:00,5403.75,23701.25,47.46
2012/2/18 18:00,5609.5,25417.25,52.08
2012/2/18 19:00,5814.75,24584.75,38.34
2012/2/18 20:00,5893.25,22881.75,38.17
2012/2/18 21:00,5782,21844,34.08
2012/2/18 22:00,5577.5,22005.5,35.2
2012/2/18 23:00,5462.75,21006.25,32.66
2012/2/19 0:00,5636.25,20316.75,28.95
2012/2/19 1:00,5604.75,19343,18.82
2012/2/19 2:00,5498.75,18855,18.07
2012/2/19 3:00,5476,18959.5,17.47
2012/2/19 4:00,5314.5,18989,17.45
2012/2/19 5:00,5156,18542,19.19
2012/2/19 6:00,4919.25,17611.75,15.95
2012/2/19 7:00,4838.75,17288.25,18.07
2012/2/19 8:00,4979.5,18433.25,29.09
2012/2/19 9:00,5220.5,20312.25,34.17
2012/2/19 10:00,5558.25,21575,35.05
2012/2/19 11:00,5927,22589.75,38.84
2012/2/19 12:00,6158.25,23182.25,28.62
2012/2/19 13:00,6169,22790.25,14.67
2012/2/19 14:00,6020.75,22219.75,15.28
2012/2/19 15:00,5772.5,21917.5,15.9
2012/2/19 16:00,5405,21385.25,25.51
2012/2/19 17:00,5121.5,21322.75,44.4
2012/2/19 18:00,4787,22820,51.72
2012/2/19 19:00,4559.5,22379.5,49.28
2012/2/19 20:00,4395.25,21236.5,43.57
2012/2/19 21:00,4208.75,21031,35.94
2012/2/19 22:00,4025.5,21396.25,38.81
2012/2/19 23:00,3854.75,20013.75,35.07
2012/2/20 0:00,2885.5,18647.5,35.34
2012/2/20 1:00,2716,18315,35.19
2012/2/20 2:00,2562.75,18221,34.63
2012/2/20 3:00,2427.75,18632.75,35.19
2012/2/20 4:00,2293.75,18930.25,35.96
2012/2/20 5:00,2088.5,19666,39.44
2012/2/20 6:00,1942,21420.75,70.94
2012/2/20 7:00,1827,23102.5,89.52
2012/2/20 8:00,1722,23715,60.83
2012/2/20 9:00,1594,24779.25,55.98
2012/2/20 10:00,1534,25436.5,49.85
2012/2/20 11:00,1537.25,26236.75,49.87
2012/2/20 12:00,1563,26710,45.8
2012/2/20 13:00,1570.5,26259.25,44.41
2012/2/20 14:00,1621.25,25431.75,44.17
2012/2/20 15:00,1644.5,24628.5,47.43
2012/2/20 16:00,1701.5,24828.5,49.21
2012/2/20 17:00,1841.25,25131.5,61.28
2012/2/20 18:00,2107.5,25997.75,86.6
2012/2/20 19:00,2519,25700.25,68.67
2012/2/20 20:00,2975.5,24477.5,54.91
2012/2/20 21:00,3434.25,24206.5,44.78
2012/2/20 22:00,3824,23493.5,40.45
2012/2/20 23:00,4179.75,21770,34.85
2012/2/21 0:00,4788.5,19828.5,37.61
2012/2/21 1:00,5028.5,18999,35.46
2012/2/21 2:00,5240.25,19313.25,31.25
2012/2/21 3:00,5451.5,19565,31.06
2012/2/21 4:00,5635.25,20225.75,32
2012/2/21 5:00,5781.25,20872.25,32.24
2012/2/21 6:00,5892,23305,37.42
2012/2/21 7:00,5973.25,25319.25,39.65
2012/2/21 8:00,6052.5,26074,44.01
2012/2/21 9:00,6104.5,26746,40.7
2012/2/21 10:00,6098.75,27539,38.93
2012/2/21 11:00,6029.5,28488.75,38.86
2012/2/21 12:00,5864.5,28436.25,37.27
2012/2/21 13:00,5629.5,28032,37.89
2012/2/21 14:00,5277.25,27308.75,39.46
2012/2/21 15:00,4918.75,26769,49.93
2012/2/21 16:00,4475.5,26508,46.2
2012/2/21 17:00,4127.5,26694.75,51.5
2012/2/21 18:00,3869,27916.5,73.86
2012/2/21 19:00,3728.5,27573.75,75.8
2012/2/21 20:00,3662.75,25650.5,57.58
2012/2/21 21:00,3626.75,24761.75,46.26
2012/2/21 22:00,3587.75,23771,48.17
2012/2/21 23:00,3588.25,22024.75,43.76
2012/2/22 0:00,3161.75,21032,39.46
2012/2/22 1:00,3143.25,20486.75,38.08
2012/2/22 2:00,3150.5,20428.5,36.86
2012/2/22 3:00,3167.25,21194.75,37.44
2012/2/22 4:00,3208.25,21853,38.61
2012/2/22 5:00,3261.5,22625,39.42
2012/2/22 6:00,3357,25499.75,47.7
2012/2/22 7:00,3462,27447.5,55.06
2012/2/22 8:00,3596.25,28030.5,57.91
2012/2/22 9:00,3749.5,28177.25,53.07
2012/2/22 10:00,3907.75,28468.25,52.04
2012/2/22 11:00,4176.25,28874,45.1
2012/2/22 12:00,4453,28864.25,39.25
2012/2/22 13:00,4673.5,28621.25,38.67
2012/2/22 14:00,4803.75,28225.75,37.61
2012/2/22 15:00,4842.25,27811,39.47
2012/2/22 16:00,4902.25,27148.75,42.39
2012/2/22 17:00,5074.5,27484.75,52.91
2012/2/22 18:00,5462.25,28735.5,55.1
2012/2/22 19:00,5958,28418.5,50.94
2012/2/22 20:00,6559.25,26547.75,47.31
2012/2/22 21:00,7099.5,25948,41.09
2012/2/22 22:00,7602.5,25015.5,37.17
2012/2/22 23:00,8019.5,23333.5,28.4
2012/2/23 0:00,8545,21771,14.48
2012/2/23 1:00,8742.75,21243.5,12.64
2012/2/23 2:00,8770.25,20923.75,14.45
2012/2/23 3:00,8685.75,21399.75,20.58
2012/2/23 4:00,8431.25,21781,20.62
2012/2/23 5:00,8023.5,22554.5,28.02
2012/2/23 6:00,7610.75,25430.25,36.06
2012/2/23 7:00,7211.5,27290,44.16
2012/2/23 8:00,6829.75,27946,43.13
2012/2/23 9:00,6558,28144.5,44.94
2012/2/23 10:00,6417.5,28466.25,46.54
2012/2/23 11:00,6301.5,29004.25,52.9
2012/2/23 12:00,6198.25,29029.25,53.19
2012/2/23 13:00,6029.75,28836,54.93
2012/2/23 14:00,5778.5,28460.5,52.85
2012/2/23 15:00,5378.25,28072.5,52.8
2012/2/23 16:00,4975.75,27415.75,47.66
2012/2/23 17:00,4609.25,27541,52.88
2012/2/23 18:00,4396,28617.25,72.21
2012/2/23 19:00,4310.75,28166,57.97
2012/2/23 20:00,4424.25,26208.5,45.12
2012/2/23 21:00,4607.5,25507,40.9
2012/2/23 22:00,4845,24604,40.87
2012/2/23 23:00,5071.5,22924.5,34.72
2012/2/24 0:00,5852.25,21472,33.67
2012/2/24 1:00,6055.75,20943.25,29.46
2012/2/24 2:00,6217,20402,27.75
2012/2/24 3:00,6343.25,20576,27.75
2012/2/24 4:00,6391.25,20726.5,29.1
2012/2/24 5:00,6405.25,21299.25,33.75
2012/2/24 6:00,6354.5,23910.75,44.93
2012/2/24 7:00,6360.25,25871,48.5
2012/2/24 8:00,6377.25,26570.25,52.81
2012/2/24 9:00,6484.5,26905.25,52.9
2012/2/24 10:00,6556.5,27661.75,51.84
2012/2/24 11:00,6645.75,28057.25,51.87
2012/2/24 12:00,6711.75,27896.75,49.91
2012/2/24 13:00,6731.25,27677.5,47.18
2012/2/24 14:00,6658.5,27469.75,45.42
2012/2/24 15:00,6541,27195.5,45.75
2012/2/24 16:00,6278.25,26634.25,44
2012/2/24 17:00,6016.75,26555.75,50.73
2012/2/24 18:00,5695.5,27339.5,57.99
2012/2/24 19:00,5498.5,26793.5,58.67
2012/2/24 20:00,5360.75,25578,53.06
2012/2/24 21:00,5276.75,24850.5,49.86
2012/2/24 22:00,5171.75,24107.75,48.84
2012/2/24 23:00,5122.25,22320.25,39
2012/2/25 0:00,5139.5,20590,34.14
2012/2/25 1:00,5022.5,19868.5,35.07
2012/2/25 2:00,5002.5,19449.25,35.06
2012/2/25 3:00,5086.25,19266.25,36.02
2012/2/25 4:00,5136,19286,35.49
2012/2/25 5:00,5169,19076.25,36.42
2012/2/25 6:00,5164.25,18876.5,35.02
2012/2/25 7:00,5219.5,19661,35.24
2012/2/25 8:00,5392.5,21196,42.81
2012/2/25 9:00,5673.5,22629,44.82
2012/2/25 10:00,5996.25,23504.5,44.11
2012/2/25 11:00,6290,24118.5,40.74
2012/2/25 12:00,6481,23795.5,33.8
2012/2/25 13:00,6439.75,23085,31.32
2012/2/25 14:00,6275,22749.75,34.07
2012/2/25 15:00,5991.25,22384.75,36.8
2012/2/25 16:00,5659.25,22408.75,41.76
2012/2/25 17:00,5256.5,23072.5,45
2012/2/25 18:00,4814.5,24433.75,59.73
2012/2/25 19:00,4524.5,24059.5,56.23
2012/2/25 20:00,4277.5,23282.5,44.66
2012/2/25 21:00,4054.75,22743.5,40.74
2012/2/25 22:00,3856.25,22588.75,49.38
2012/2/25 23:00,3698.75,21448.25,38.76
2012/2/26 0:00,3576.25,19606.5,32.81
2012/2/26 1:00,3298,18551.25,31.45
2012/2/26 2:00,3028.25,18202.75,30.28
2012/2/26 3:00,2796.25,18534.5,30.64
2012/2/26 4:00,2557.75,18376.5,31.79
2012/2/26 5:00,2341.75,18050.75,32.97
2012/2/26 6:00,2170.75,17141.25,31.93
2012/2/26 7:00,2042,16864.5,31.44
2012/2/26 8:00,1937.25,18095.75,34.12
2012/2/26 9:00,1845.5,19738.25,37.52
2012/2/26 10:00,1748.25,20826,42.54
2012/2/26 11:00,1633.5,21802.25,50.35
2012/2/26 12:00,1493,21351.75,51.23
2012/2/26 13:00,1378.75,20338,46.15
2012/2/26 14:00,1292.25,20138.75,43.28
2012/2/26 15:00,1220.75,19795.25,40.22
2012/2/26 16:00,1108.75,19368.5,38.2
2012/2/26 17:00,973,19905.5,43.14
2012/2/26 18:00,851.25,21249.75,55
2012/2/26 19:00,778,21337.25,66.78
2012/2/26 20:00,714.25,20654.25,61.82
2012/2/26 21:00,668.75,20591.25,55.14
2012/2/26 22:00,647.5,21375.75,56.6
2012/2/26 23:00,628.25,20221,51
2012/2/27 0:00,597.25,18634,41.55
2012/2/27 1:00,565.25,17770,37.55
2012/2/27 2:00,594,17515.25,36.56
2012/2/27 3:00,645,18206,33.88
2012/2/27 4:00,708.75,18845.25,33.55
2012/2/27 5:00,823.5,20072.25,35.29
2012/2/27 6:00,955.75,23163,43.92
2012/2/27 7:00,1081,25351,58.1
2012/2/27 8:00,1166.25,25973.5,59.72
2012/2/27 9:00,1236.5,26414.25,55.48
2012/2/27 10:00,1306.25,26670.5,51.92
2012/2/27 11:00,1429,27296.5,48.93
2012/2/27 12:00,1587,27506.25,44.79
2012/2/27 13:00,1719,27350.25,48.52
2012/2/27 14:00,1820,26963.75,46.06
2012/2/27 15:00,1851.75,26338.75,44.93
2012/2/27 16:00,1824,25936.25,44.94
2012/2/27 17:00,1784.25,25968.25,51.69
2012/2/27 18:00,1751.25,26789.25,65.02
2012/2/27 19:00,1750.5,26618.25,65.47
2012/2/27 20:00,1741.25,25411.5,51.44
2012/2/27 21:00,1700.75,24490.5,49.19
2012/2/27 22:00,1628.75,23719.75,44
2012/2/27 23:00,1522.75,21786.75,41.69
2012/2/28 0:00,2093.5,20240,40.27
2012/2/28 1:00,2057.5,19328.75,37.47
2012/2/28 2:00,2042.5,19287.5,36.52
2012/2/28 3:00,2088.25,19757,35.9
2012/2/28 4:00,2136,20553,35.92
2012/2/28 5:00,2203.25,21445,42.16
2012/2/28 6:00,2323.5,23828.75,50
2012/2/28 7:00,2484.75,25551.75,57.52
2012/2/28 8:00,2699.25,26292.75,61.19
2012/2/28 9:00,2919.5,26536.5,61.19
2012/2/28 10:00,3180.25,27068.25,54.93
2012/2/28 11:00,3453,27531.5,54.95
2012/2/28 12:00,3781,27675.5,53.9
2012/2/28 13:00,4023.75,27888.25,51.95
2012/2/28 14:00,4227.75,27375,46.91
2012/2/28 15:00,4314.5,26866.25,45.09
2012/2/28 16:00,4330,26133.75,41.5
2012/2/28 17:00,4288,26087,50.06
2012/2/28 18:00,4216.75,27423.75,52.87
2012/2/28 19:00,4132.25,27637.5,51.59
2012/2/28 20:00,4003.5,26054.5,50.11
2012/2/28 21:00,3885,25117.25,45.05
2012/2/28 22:00,3735.5,24254.25,43.54
2012/2/28 23:00,3538.75,22473,37.5
2012/2/29 0:00,3476,20556.25,31.31
2012/2/29 1:00,3238,20058.75,30.3
2012/2/29 2:00,2931.5,19609.25,30.1
2012/2/29 3:00,2634.5,19744,33.38
2012/2/29 4:00,2341.25,20134,34.15
2012/2/29 5:00,2084.25,21065.75,37.98
2012/2/29 6:00,1873.25,23560,44.79
2012/2/29 7:00,1700.25,25267.5,53.04
2012/2/29 8:00,1556.25,26024.75,61.54
2012/2/29 9:00,1394.5,26263.5,62.73
2012/2/29 10:00,1294.25,26741.5,60.44
2012/2/29 11:00,1209.75,27128,59.78
2012/2/29 12:00,1208.75,27268.25,57.97
2012/2/29 13:00,1196.5,27418,54.08
2012/2/29 14:00,1197.25,26895.75,51.97
2012/2/29 15:00,1198.5,26391.5,48.78
2012/2/29 16:00,1166.75,25711.5,46.5
2012/2/29 17:00,1127.75,25770.75,52.44
2012/2/29 18:00,1134.5,27164.5,64.57
2012/2/29 19:00,1168.75,27461.25,68.24
2012/2/29 20:00,1156,25935.5,52.47
2012/2/29 21:00,1152,25083,50.36
2012/2/29 22:00,1183.5,24220.25,51.94
2012/2/29 23:00,1195.75,22405.5,44.94
2012/3/1 0:00,973.5,20290.5,39.35
2012/3/1 1:00,954.5,19908.75,36.14
2012/3/1 2:00,961,19366.25,34.19
2012/3/1 3:00,976.25,19222.5,30.93
2012/3/1 4:00,995.75,19374.25,35.09
2012/3/1 5:00,999.75,20503.5,39.96
2012/3/1 6:00,1023.75,23244.75,49.01
2012/3/1 7:00,1049,25018.25,56.93
2012/3/1 8:00,1097.75,26257.5,62.4
2012/3/1 9:00,1149.5,26820,62.01
2012/3/1 10:00,1199.5,27024.5,52.99
2012/3/1 11:00,1290.5,27312.75,51.1
2012/3/1 12:00,1346.25,27239.25,45.8
2012/3/1 13:00,1374.5,26576.5,42.31
2012/3/1 14:00,1352.25,26185.25,43.82
2012/3/1 15:00,1300.5,25688.75,47.28
2012/3/1 16:00,1234.5,25201.25,48.85
2012/3/1 17:00,1140.75,25447.5,51.07
2012/3/1 18:00,1088,26528.25,59.93
2012/3/1 19:00,1100.5,26597.5,64.72
2012/3/1 20:00,1123.75,25264.75,53.96
2012/3/1 21:00,1149.75,24167.5,47.88
2012/3/1 22:00,1190.75,23232.5,45.21
2012/3/1 23:00,1239,21318,37.82
2012/3/2 0:00,943.5,19671.5,40.28
2012/3/2 1:00,930.75,18917.75,40.42
2012/3/2 2:00,916,18816.25,38.9
2012/3/2 3:00,906,19053.5,35.6
2012/3/2 4:00,871.75,19576,37.32
2012/3/2 5:00,807.5,20716.75,42.11
2012/3/2 6:00,738,23513.75,52.77
2012/3/2 7:00,654,25275,60.23
2012/3/2 8:00,572,25967.25,60.21
2012/3/2 9:00,467.5,26375.75,57.93
2012/3/2 10:00,404.5,26826.5,53.89
2012/3/2 11:00,364.75,27175.75,51.86
2012/3/2 12:00,316.5,26969.25,51
2012/3/2 13:00,301.75,26959.75,51.24
2012/3/2 14:00,292,26393.75,45.52
2012/3/2 15:00,324.75,25877.75,43.68
2012/3/2 16:00,357.75,25206.75,44.67
2012/3/2 17:00,428.25,25463.75,51.95
2012/3/2 18:00,543.5,26354.75,60.48
2012/3/2 19:00,680.25,26018.75,61.18
2012/3/2 20:00,812,24506,52.95
2012/3/2 21:00,903.5,23250,49.36
2012/3/2 22:00,1016.25,22300.75,47.75
2012/3/2 23:00,1123.25,20546.25,45.57
2012/3/3 0:00,1298.75,18345.5,38.05
2012/3/3 1:00,1321.75,17741,37
2012/3/3 2:00,1330,17550.75,34.15
2012/3/3 3:00,1396.75,17696.25,35.06
2012/3/3 4:00,1522,17659,34.29
2012/3/3 5:00,1633.75,17431.25,34.21
2012/3/3 6:00,1736.5,17450.5,34.03
2012/3/3 7:00,1759,18214.5,38.09
2012/3/3 8:00,1732,19569.75,44.97
2012/3/3 9:00,1653.5,20668.5,41.46
2012/3/3 10:00,1654.75,21286.75,40.85
2012/3/3 11:00,1753.5,21993.5,36.37
2012/3/3 12:00,1892.75,21991.75,31.23
2012/3/3 13:00,1990,21674,30.4
2012/3/3 14:00,2057.25,21086.5,30.56
2012/3/3 15:00,2091.5,20848.5,35.92
2012/3/3 16:00,2122.25,20516.75,37.99
2012/3/3 17:00,2164,20396.75,44.17
2012/3/3 18:00,2237,22002.75,57.19
2012/3/3 19:00,2296.25,22160.25,63.43
2012/3/3 20:00,2264.5,21015.25,53.04
2012/3/3 21:00,2215.25,20141.5,40.9
2012/3/3 22:00,2149.75,19979.25,38.06
2012/3/3 23:00,2056.25,18820.25,33.8
2012/3/4 0:00,1394,17174,31.02
2012/3/4 1:00,1312.75,16368,30.38
2012/3/4 2:00,1228,15876.5,29.65
2012/3/4 3:00,1146.5,16148,30.14
2012/3/4 4:00,1072.25,16168.25,30.07
2012/3/4 5:00,1018.25,15718.5,31.06
2012/3/4 6:00,995.25,15241.25,30.18
2012/3/4 7:00,961,15527.5,30.29
2012/3/4 8:00,909.75,16643.75,33.95
2012/3/4 9:00,786,17755.25,40.92
2012/3/4 10:00,750.5,18930.5,41.78
2012/3/4 11:00,773.5,19976.5,43.24
2012/3/4 12:00,798.75,19910,42.92
2012/3/4 13:00,828,19499,36.2
2012/3/4 14:00,863,18966.25,34.93
2012/3/4 15:00,906,18634.5,34.63
2012/3/4 16:00,1017.5,18428,34.63
2012/3/4 17:00,1180,18569.5,39.14
2012/3/4 18:00,1395,20406.25,51.5
2012/3/4 19:00,1716,21806.25,57.7
2012/3/4 20:00,2008.25,20836,49.46
2012/3/4 21:00,2144.5,20047.75,39.49
2012/3/4 22:00,2219.75,20122,40.95
2012/3/4 23:00,2241.5,19106.25,34.96
2012/3/5 0:00,2798.75,18268.5,31.24
2012/3/5 1:00,2894,17791,30
2012/3/5 2:00,2983,17850,29
2012/3/5 3:00,3047.75,18363.75,26.64
2012/3/5 4:00,3145.25,19000.75,24.68
2012/3/5 5:00,3277.75,20324.5,27.01
2012/3/5 6:00,3389.75,24000,35.61
2012/3/5 7:00,3404.25,26081,45
2012/3/5 8:00,3339.75,26729.25,49.95
2012/3/5 9:00,3211.75,26559.25,47.05
2012/3/5 10:00,3145.5,27168.5,44.18
2012/3/5 11:00,3163,27798,45.67
2012/3/5 12:00,3213,27908,44.87
2012/3/5 13:00,3208.25,28217.25,43.65
2012/3/5 14:00,3153.5,27885.5,44.37
2012/3/5 15:00,3046.5,27676.5,49.46
2012/3/5 16:00,2851,26800.5,46.42
2012/3/5 17:00,2641.25,26773.25,52.05
2012/3/5 18:00,2496.5,28001.75,69.86
2012/3/5 19:00,2362.5,27949.5,85.79
2012/3/5 20:00,2264.25,26066,61.1
2012/3/5 21:00,2141,24235.75,49.89
2012/3/5 22:00,2006.25,22919.25,45
2012/3/5 23:00,1890,21415.5,40.62
2012/3/6 0:00,1958,20557,39.79
2012/3/6 1:00,1892.75,19827.75,37.53
2012/3/6 2:00,1820,19605.75,37.7
2012/3/6 3:00,1746.75,19896.75,37.06
2012/3/6 4:00,1659.5,20330.25,37.6
2012/3/6 5:00,1599.75,21508.5,42.14
2012/3/6 6:00,1551.25,24241.25,48.67
2012/3/6 7:00,1502,26099.5,57.9
2012/3/6 8:00,1404.75,26626.75,55.06
2012/3/6 9:00,1300,26746.25,50.85
2012/3/6 10:00,1201,27031.75,42.32
2012/3/6 11:00,1157,27344.75,43.68
2012/3/6 12:00,1131.75,27328.5,45
2012/3/6 13:00,1099.75,27442.5,48.93
2012/3/6 14:00,1108,26986,51.26
2012/3/6 15:00,1093.75,26597,50.51
2012/3/6 16:00,1107.75,25784,49.37
2012/3/6 17:00,1116.25,26038.75,53.09
2012/3/6 18:00,1156.25,27515.75,66.26
2012/3/6 19:00,1222,27728.75,77.54
2012/3/6 20:00,1266.5,26296.75,52
2012/3/6 21:00,1300.5,25029.75,50
2012/3/6 22:00,1273.5,23736,47.52
2012/3/6 23:00,1204.75,21962.75,43.48
2012/3/7 0:00,1109.75,20546.5,40.8
2012/3/7 1:00,1033.5,19888.5,39.96
2012/3/7 2:00,1012.75,19686.5,38.34
2012/3/7 3:00,1003,20037.5,37.57
2012/3/7 4:00,1048.25,20351.25,37.56
2012/3/7 5:00,1129.25,21513.5,39.03
2012/3/7 6:00,1256.25,24168.75,48.88
2012/3/7 7:00,1394.75,26065.5,58.54
2012/3/7 8:00,1484.5,26729.25,64.1
2012/3/7 9:00,1469.25,26917,53.08
2012/3/7 10:00,1577.25,27218,43.38
2012/3/7 11:00,1820.25,27514,37.56
2012/3/7 12:00,2146,27528.25,35.36
2012/3/7 13:00,2511.75,27550.75,35.59
2012/3/7 14:00,2781.25,27098.75,35.88
2012/3/7 15:00,3005.75,26726,38.33
2012/3/7 16:00,3175.5,26020.5,38.37
2012/3/7 17:00,3247.25,26223.75,44.53
2012/3/7 18:00,3379.25,27577.75,55.65
2012/3/7 19:00,3548,27861.75,52.95
2012/3/7 20:00,3613.75,26397,46.03
2012/3/7 21:00,3636.75,25266.25,40.66
2012/3/7 22:00,3589.25,23899.25,40.01
2012/3/7 23:00,3374.5,22091.5,35.73
2012/3/8 0:00,2881,20730,33.19
2012/3/8 1:00,2835.75,20122.25,32.08
2012/3/8 2:00,2806.25,20014.25,29.04
2012/3/8 3:00,2760.5,20290.5,29.34
2012/3/8 4:00,2771.5,20643,32.91
2012/3/8 5:00,2865.25,21546.25,35.19
2012/3/8 6:00,3012.5,24331.25,41
2012/3/8 7:00,3222,25784.25,45.73
2012/3/8 8:00,3466,26554.5,49.88
2012/3/8 9:00,3721,26937.25,48.37
2012/3/8 10:00,3887,27204.5,48.4
2012/3/8 11:00,3952.25,27568,45.52
2012/3/8 12:00,3874.5,27545.75,40.92
2012/3/8 13:00,3695.5,27460.75,42.19
2012/3/8 14:00,3417.25,27359.5,44.65
2012/3/8 15:00,3025.75,27033.25,46.01
2012/3/8 16:00,2568.75,26396.75,47.86
2012/3/8 17:00,2121.25,26208.25,50.22
2012/3/8 18:00,1739,27223.25,70.37
2012/3/8 19:00,1532,27844,89.94
2012/3/8 20:00,1432,26119.75,51.94
2012/3/8 21:00,1399.25,24370.25,50.62
2012/3/8 22:00,1368.75,23368.75,50.65
2012/3/8 23:00,1314.25,21683.5,45.47
2012/3/9 0:00,1067.5,20400.5,41.89
2012/3/9 1:00,1006.5,19859.75,41.16
2012/3/9 2:00,959.25,19748.75,40.63
2012/3/9 3:00,922,20064.25,39.27
2012/3/9 4:00,939,20293.25,38.65
2012/3/9 5:00,1005,21024,41.27
2012/3/9 6:00,1085.5,23907,49.6
2012/3/9 7:00,1150.25,26037.25,57.96
2012/3/9 8:00,1122.5,27075,61.14
2012/3/9 9:00,1059,27325,55.39
2012/3/9 10:00,1049.75,27673.25,51.94
2012/3/9 11:00,1136,27987.5,49.97
2012/3/9 12:00,1316.25,28065,44.66
2012/3/9 13:00,1534,27652.75,41.8
2012/3/9 14:00,1710.5,27138.5,42.32
2012/3/9 15:00,1768.75,26859,44.17
2012/3/9 16:00,1788,26403.75,44.96
2012/3/9 17:00,1783,26590,50.01
2012/3/9 18:00,1838.75,27731,58.19
2012/3/9 19:00,1961.25,27888.75,64.94
2012/3/9 20:00,2128.75,26235,50.95
2012/3/9 21:00,2291.75,24766.5,47.83
2012/3/9 22:00,2397.25,23650,45.8
2012/3/9 23:00,2451,22169.75,41.18
2012/3/10 0:00,2661,20605.5,38.63
2012/3/10 1:00,2640.25,20043,34.92
2012/3/10 2:00,2586.25,19472.25,34.19
2012/3/10 3:00,2524.5,19230.75,35.96
2012/3/10 4:00,2468.75,19280.25,35.67
2012/3/10 5:00,2417,19202.75,35.4
2012/3/10 6:00,2360.25,19279.25,33.16
2012/3/10 7:00,2351.25,19894,38.34
2012/3/10 8:00,2343,21025.5,41.05
2012/3/10 9:00,2352.5,22199.75,46.21
2012/3/10 10:00,2414.25,22978,49.97
2012/3/10 11:00,2516.25,23308,50.93
2012/3/10 12:00,2763.5,23551.25,49.97
2012/3/10 13:00,2859.5,23036.5,41.3
2012/3/10 14:00,2922,22506,37.54
2012/3/10 15:00,2838.25,22236.25,38.86
2012/3/10 16:00,2763.75,21683,38.95
2012/3/10 17:00,2703.5,21628.75,44.02
2012/3/10 18:00,2652.25,23062.25,53.09
2012/3/10 19:00,2649.5,23153.5,61.24
2012/3/10 20:00,2652.25,21857.25,49.08
2012/3/10 21:00,2686.25,21225.5,40.39
2012/3/10 22:00,2748.75,20827.25,39.78
2012/3/10 23:00,2804.25,19742,33
2012/3/11 0:00,3201.5,17999.75,24.9
2012/3/11 1:00,3310.75,17044.25,19.76
2012/3/11 2:00,3399.5,16791.75,17.22
2012/3/11 3:00,3424,16683,17.25
2012/3/11 4:00,3391.75,16780,17.36
2012/3/11 5:00,3259.75,16660,19.4
2012/3/11 6:00,3114,16445.5,16.65
2012/3/11 7:00,2993.25,16304.25,17.98
2012/3/11 8:00,2903,17490.75,27.3
2012/3/11 9:00,2856.75,19064,33.05
2012/3/11 10:00,2804,20052.75,36.46
2012/3/11 11:00,2822.75,20686.5,39.66
2012/3/11 12:00,2856.5,20797.5,39.99
2012/3/11 13:00,2923,20163,32.99
2012/3/11 14:00,2937.75,19757,27.36
2012/3/11 15:00,2896.5,19695.25,27.04
2012/3/11 16:00,2748.25,19618.25,27.75
2012/3/11 17:00,2531.5,20134.5,35.13
2012/3/11 18:00,2297,21691.25,46.72
2012/3/11 19:00,2127,22098.5,56.77
2012/3/11 20:00,2065,21396.5,51.96
2012/3/11 21:00,2086.5,21005.5,44.93
2012/3/11 22:00,2138,20902.75,47.49
2012/3/11 23:00,2181.75,19340.25,35.28
2012/3/12 0:00,2522.25,17827,32.88
2012/3/12 1:00,2583,17383.25,26.81
2012/3/12 2:00,2683.75,17328.5,25.92
2012/3/12 3:00,2803,17558.75,25.45
2012/3/12 4:00,2904,18144,26.28
2012/3/12 5:00,2988,19594.25,34.35
2012/3/12 6:00,3022,23383.5,45.12
2012/3/12 7:00,3106.75,25621.75,53.19
2012/3/12 8:00,3247.75,26501.5,53.02
2012/3/12 9:00,3381.5,26581.75,51.99
2012/3/12 10:00,3441.25,27003,51.68
2012/3/12 11:00,3455.75,27197.5,52.9
2012/3/12 12:00,3458.75,27451.25,51.99
2012/3/12 13:00,3497.25,27258.5,50.93
2012/3/12 14:00,3472.5,26725,46.57
2012/3/12 15:00,3395.75,26572.25,45.03
2012/3/12 16:00,3183.25,26347.25,42.95
2012/3/12 17:00,2794.75,26589.25,50.81
2012/3/12 18:00,2368,27465.75,58.54
2012/3/12 19:00,1991.75,27639.25,69.89
2012/3/12 20:00,1803.5,26038.5,51.95
2012/3/12 21:00,1643.5,24942.5,48.94
2012/3/12 22:00,1527.75,23138.25,46.76
2012/3/12 23:00,1457.25,21348.75,37.33
2012/3/13 0:00,1555,20461.75,38.08
2012/3/13 1:00,1490,20009.5,37.72
2012/3/13 2:00,1432.75,19705.75,37
2012/3/13 3:00,1397.75,19885,34.57
2012/3/13 4:00,1382.75,20208,34.39
2012/3/13 5:00,1352.5,21327.25,38.29
2012/3/13 6:00,1374.75,24318,46.18
2012/3/13 7:00,1396.5,25673.75,56.27
2012/3/13 8:00,1444.25,26131,61.3
2012/3/13 9:00,1536.25,26373.5,59.88
2012/3/13 10:00,1644.75,26770,54.39
2012/3/13 11:00,1740.75,26931.5,51.98
2012/3/13 12:00,1872,27055.25,47.05
2012/3/13 13:00,1968,26857.25,46.55
2012/3/13 14:00,2030,26607.75,41.46
2012/3/13 15:00,2049,26146.5,41.94
2012/3/13 16:00,2003.25,25781,41.95
2012/3/13 17:00,1834.25,25815.75,50.23
2012/3/13 18:00,1659.5,27004.75,53.17
2012/3/13 19:00,1541,27579.75,79.21
2012/3/13 20:00,1472.75,26018.75,61.04
2012/3/13 21:00,1441.5,24353.75,49.06
2012/3/13 22:00,1382,23251,46.51
2012/3/13 23:00,1311,21518.75,41.42
2012/3/14 0:00,1479.25,19955,35.73
2012/3/14 1:00,1430,19547,34.63
2012/3/14 2:00,1382,19435,33.05
2012/3/14 3:00,1309.25,19713.5,31.82
2012/3/14 4:00,1261,20226.25,32.69
2012/3/14 5:00,1204.75,21324,36.82
2012/3/14 6:00,1164.75,24171.75,45.09
2012/3/14 7:00,1124,25451.75,53.11
2012/3/14 8:00,1072.5,25912.5,56.5
2012/3/14 9:00,988.75,26207,53.03
2012/3/14 10:00,924.25,26670.25,47.94
2012/3/14 11:00,874.25,26772.75,49
2012/3/14 12:00,790.25,26798.5,48.1
2012/3/14 13:00,700.25,26656,47.38
2012/3/14 14:00,638,26407,44.94
2012/3/14 15:00,578.5,25837.25,44.94
2012/3/14 16:00,530.5,25442.75,44.07
2012/3/14 17:00,468.5,25404.5,48.77
2012/3/14 18:00,390,26622.75,55.87
2012/3/14 19:00,329.5,27365,82.16
2012/3/14 20:00,316.5,25957.5,57.1
2012/3/14 21:00,323.75,24244.75,46.69
2012/3/14 22:00,310.25,23301.25,49.9
2012/3/14 23:00,311.75,21520.25,42.32
2012/3/15 0:00,260.75,19726.75,40.99
2012/3/15 1:00,282,19267,38.25
2012/3/15 2:00,294.25,18967.5,36.3
2012/3/15 3:00,310.75,19268.75,33.65
2012/3/15 4:00,311,19534.25,33.11
2012/3/15 5:00,318,20368.75,37.84
2012/3/15 6:00,333.75,23130.5,48.95
2012/3/15 7:00,324.75,25019.5,58.9
2012/3/15 8:00,308.5,25729.75,65.95
2012/3/15 9:00,288,26034.25,59.97
2012/3/15 10:00,275.75,26473.75,50.94
2012/3/15 11:00,293,26604.5,48.94
2012/3/15 12:00,315.75,26263.75,43.92
2012/3/15 13:00,337.5,26192,44.38
2012/3/15 14:00,335.5,25607.25,43.39
2012/3/15 15:00,331.75,25093.5,44.51
2012/3/15 16:00,315.5,24534.25,44
2012/3/15 17:00,290.75,24610.5,49.41
2012/3/15 18:00,296,25922.5,61.28
2012/3/15 19:00,365.5,26878.25,73.98
2012/3/15 20:00,510.75,25603.25,55
2012/3/15 21:00,651.5,24306.5,45.58
2012/3/15 22:00,764,22951.75,43.23
2012/3/15 23:00,855.5,20935.75,36.83
2012/3/16 0:00,920.5,19335.75,37.68
2012/3/16 1:00,984.25,18884.5,35.16
2012/3/16 2:00,1036.25,18823.75,35.01
2012/3/16 3:00,1072.5,19337.5,33.46
2012/3/16 4:00,1146.25,19847.5,34.04
2012/3/16 5:00,1231.75,20718.75,36.84
2012/3/16 6:00,1322.5,23617.25,47.72
2012/3/16 7:00,1390.25,25678.75,56.96
2012/3/16 8:00,1351,26804.25,51.97
2012/3/16 9:00,1215.75,26963.75,44
2012/3/16 10:00,1126,27375,42.72
2012/3/16 11:00,1161.75,27502.75,40.44
2012/3/16 12:00,1260,27234.5,40.05
2012/3/16 13:00,1347,26860.75,39.61
2012/3/16 14:00,1389.5,25755.5,40
2012/3/16 15:00,1386,25247.25,41.02
2012/3/16 16:00,1337.5,24640.75,41.28
2012/3/16 17:00,1242.5,24426,46.3
2012/3/16 18:00,1186.25,25271.75,53.52
2012/3/16 19:00,1243.25,25939.5,64.93
2012/3/16 20:00,1437.25,24526,53.04
2012/3/16 21:00,1579,23357.5,44.85
2012/3/16 22:00,1634,22145.25,46.07
2012/3/16 23:00,1668.25,20750.5,41.67
2012/3/17 0:00,1528.75,19219.75,38.35
2012/3/17 1:00,1555.75,18503.5,35.24
2012/3/17 2:00,1604,18169,28.02
2012/3/17 3:00,1697,18464.75,26.36
2012/3/17 4:00,1814.75,18648,24.12
2012/3/17 5:00,1979.75,18844.25,28.84
2012/3/17 6:00,2162,18677.75,30.61
2012/3/17 7:00,2231.5,19207,33.41
2012/3/17 8:00,2074,20887.5,38.84
2012/3/17 9:00,1757.5,22172.25,44.74
2012/3/17 10:00,1595.25,22877.75,45.56
2012/3/17 11:00,1642.25,23270.5,42.71
2012/3/17 12:00,1735.75,23121.25,39.99
2012/3/17 13:00,1837,22916.5,35.5
2012/3/17 14:00,1893,21854.5,31.57
2012/3/17 15:00,1888.25,21472,35.35
2012/3/17 16:00,1891.25,21060.75,38.52
2012/3/17 17:00,1821.25,21018,47.03
2012/3/17 18:00,1772.75,21940.75,59.54
2012/3/17 19:00,1772,22611.25,68.2
2012/3/17 20:00,1829.75,21357.25,54.38
2012/3/17 21:00,1882,20599,45
2012/3/17 22:00,1918,19897.75,48.95
2012/3/17 23:00,1872,18884.25,44.46
2012/3/18 0:00,1233.5,17130.75,36.57
2012/3/18 1:00,1224,16139.5,28.71
2012/3/18 2:00,1202,15951.25,27.17
2012/3/18 3:00,1223.5,16276.75,24.52
2012/3/18 4:00,1329,16553.25,25.09
2012/3/18 5:00,1425,16661.5,26.5
2012/3/18 6:00,1496,16174,25.77
2012/3/18 7:00,1481,16059.75,24.66
2012/3/18 8:00,1383.5,17461.75,24.92
2012/3/18 9:00,1348.25,19008.5,30.14
2012/3/18 10:00,1397.75,19956.25,33.57
2012/3/18 11:00,1610.5,20968.75,37.04
2012/3/18 12:00,1803,21279,38.91
2012/3/18 13:00,2115.25,20869.75,33.04
2012/3/18 14:00,2259.75,20326,28.06
2012/3/18 15:00,2414.25,19832.75,27.34
2012/3/18 16:00,2449.25,19438.75,29.97
2012/3/18 17:00,2390.5,19737,39.59
2012/3/18 18:00,2268,20745.75,49.19
2012/3/18 19:00,2116.5,21614.75,65.28
2012/3/18 20:00,2004.5,20797.75,51.21
2012/3/18 21:00,1897.75,20405.5,46.59
2012/3/18 22:00,1787.5,19960.75,38.2
2012/3/18 23:00,1672,18687,33.53
2012/3/19 0:00,2073.75,17277.75,25.48
2012/3/19 1:00,2065.5,16729.5,24.49
2012/3/19 2:00,2094.25,16780,23.88
2012/3/19 3:00,2075.5,17322.75,24.34
2012/3/19 4:00,2071.5,17987.75,24.65
2012/3/19 5:00,2089,19471.25,33.14
2012/3/19 6:00,2078,22666.75,49.64
2012/3/19 7:00,2081.75,24667,56.72
2012/3/19 8:00,2097,25702,55.01
2012/3/19 9:00,2166.75,25846.25,50.04
2012/3/19 10:00,2273.5,26441,46.05
2012/3/19 11:00,2405.25,26469.25,42.33
2012/3/19 12:00,2478,26499.75,40.23
2012/3/19 13:00,2494,26279,42.12
2012/3/19 14:00,2470.75,25725,38.9
2012/3/19 15:00,2354.25,25148.5,42.66
2012/3/19 16:00,2127.75,24716,42.77
2012/3/19 17:00,1765.5,24631,47.58
2012/3/19 18:00,1380.75,25582.25,66
2012/3/19 19:00,1172,26730.5,121.97
2012/3/19 20:00,1139.5,25469,67.59
2012/3/19 21:00,1151.25,24171,50.9
2012/3/19 22:00,1223.25,22672.5,48.06
2012/3/19 23:00,1315.25,20830.75,39.94
2012/3/20 0:00,1345,19380,36.66
2012/3/20 1:00,1431.75,18739,34.43
2012/3/20 2:00,1523,18740.25,34.12
2012/3/20 3:00,1644.5,19187,31.3
2012/3/20 4:00,1745.5,19692.25,32.59
2012/3/20 5:00,1829.5,20787.25,35.15
2012/3/20 6:00,1933.75,23454.5,43.08
2012/3/20 7:00,2026.25,25012.75,50
2012/3/20 8:00,2031.25,25806,50.23
2012/3/20 9:00,2026.5,26079,42.55
2012/3/20 10:00,2103.75,26459.25,37.03
2012/3/20 11:00,2269.5,26821.25,35.26
2012/3/20 12:00,2414,26634,34.92
2012/3/20 13:00,2456.5,26410.5,36.49
2012/3/20 14:00,2417,25822.5,40.27
2012/3/20 15:00,2311.75,25188.25,45.35
2012/3/20 16:00,2143.25,24485.25,43.64
2012/3/20 17:00,1915.5,24667,48.65
2012/3/20 18:00,1675.5,25725.25,56.88
2012/3/20 19:00,1541.25,27401.5,88.19
2012/3/20 20:00,1526.5,26196,56.42
2012/3/20 21:00,1537.75,24776.5,50.08
2012/3/20 22:00,1512.75,23038.75,42.74
2012/3/20 23:00,1437.25,21248.75,36.46
2012/3/21 0:00,1613.75,19426.75,35.47
2012/3/21 1:00,1536.5,18896,35.03
2012/3/21 2:00,1407.75,18875.25,33.61
2012/3/21 3:00,1278.5,19173.5,33.71
2012/3/21 4:00,1156,19650.25,33.71
2012/3/21 5:00,1067.25,20722.5,38.44
2012/3/21 6:00,971,23341.75,46.31
2012/3/21 7:00,871.25,24788.5,59.6
2012/3/21 8:00,733.25,25501.25,56.09
2012/3/21 9:00,633.25,25756.75,48.91
2012/3/21 10:00,592,26123,42.03
2012/3/21 11:00,599,26538,39.97
2012/3/21 12:00,646,26263,38.63
2012/3/21 13:00,690.25,26048.75,40
2012/3/21 14:00,721.5,25486.75,40.97
2012/3/21 15:00,724.25,24898.5,42.57
2012/3/21 16:00,699.75,24212,42.82
2012/3/21 17:00,636,24419.5,47.09
2012/3/21 18:00,578.5,25505.25,56.18
2012/3/21 19:00,554,27281.5,84.47
2012/3/21 20:00,535.75,26035.5,61.02
2012/3/21 21:00,528,24518,48.97
2012/3/21 22:00,490,22734,47.94
2012/3/21 23:00,475.5,20938.5,39.96
2012/3/22 0:00,464.75,19268.5,39.87
2012/3/22 1:00,456.5,18804.25,37.6
2012/3/22 2:00,452.75,18816,35.33
2012/3/22 3:00,456.5,19107,32.43
2012/3/22 4:00,458.25,19518.5,33.42
2012/3/22 5:00,450.5,20634.75,38.07
2012/3/22 6:00,445,22748.5,49.97
2012/3/22 7:00,425.25,24321.75,53.19
2012/3/22 8:00,401.5,25049,56.99
2012/3/22 9:00,364.75,25502.25,48.99
2012/3/22 10:00,351.25,26085,40.94
2012/3/22 11:00,371.25,26378,40.09
2012/3/22 12:00,401.5,26195,40.07
2012/3/22 13:00,431.75,25918.5,40.22
2012/3/22 14:00,463.75,25530,41.11
2012/3/22 15:00,503.5,25006.25,43.68
2012/3/22 16:00,546.5,24256.25,44
2012/3/22 17:00,577.75,24078,47.66
2012/3/22 18:00,612.75,24826.5,55.95
2012/3/22 19:00,646,26350,75.45
2012/3/22 20:00,624.5,25047,59.49
2012/3/22 21:00,606,23571.75,48.44
2012/3/22 22:00,565.25,22233,45.26
2012/3/22 23:00,510.5,20611,40.1
2012/3/23 0:00,444.25,18885.25,35.68
2012/3/23 1:00,394,18438.5,33.53
2012/3/23 2:00,355.5,18410.5,30.35
2012/3/23 3:00,329.75,18611.5,27.14
2012/3/23 4:00,336.75,18906.25,28.61
2012/3/23 5:00,324.5,19992.75,34.18
2012/3/23 6:00,328.75,22466.5,42.52
2012/3/23 7:00,325,23856,51.11
2012/3/23 8:00,296.5,24811,52.32
2012/3/23 9:00,225,25464.5,49.94
2012/3/23 10:00,186,26081.25,42.6
2012/3/23 11:00,166,26396,40.3
2012/3/23 12:00,189,26515.5,39.64
2012/3/23 13:00,185.5,26051.25,39.61
2012/3/23 14:00,190.25,25179.25,39.74
2012/3/23 15:00,199.5,24604.5,39.94
2012/3/23 16:00,229,23976,41.04
2012/3/23 17:00,241.75,23679.75,43
2012/3/23 18:00,291.75,24166.25,51.01
2012/3/23 19:00,348,25435.5,63.53
2012/3/23 20:00,372,23684.25,51.95
2012/3/23 21:00,366,22463,42.11
2012/3/23 22:00,340.25,21339,42.43
2012/3/23 23:00,305,20178,39.65
2012/3/24 0:00,304,18416,43.75
2012/3/24 1:00,269.75,17859,37.41
2012/3/24 2:00,239,17522.75,34.29
2012/3/24 3:00,198.25,17540.25,26.29
2012/3/24 4:00,168.5,17706.75,31.08
2012/3/24 5:00,162.5,17813.25,35.13
2012/3/24 6:00,152.75,17907,35.16
2012/3/24 7:00,157.25,19076.25,37.45
2012/3/24 8:00,162.5,20784.25,39.94
2012/3/24 9:00,160,21871.25,44.28
2012/3/24 10:00,143.5,22468,38.55
2012/3/24 11:00,142.5,22387,39.24
2012/3/24 12:00,183.5,22174,39.39
2012/3/24 13:00,217.75,21487.5,34.93
2012/3/24 14:00,264,20639.75,28.98
2012/3/24 15:00,318.25,20228.5,29.94
2012/3/24 16:00,362.75,19990.5,33
2012/3/24 17:00,408.5,20288,38.52
2012/3/24 18:00,438.25,21308,46.53
2012/3/24 19:00,453,22146.5,58.5
2012/3/24 20:00,445.75,20886.5,48.99
2012/3/24 21:00,459.75,20204.25,42.08
2012/3/24 22:00,483,19749.75,45.15
2012/3/24 23:00,505,18644.25,38.54
2012/3/25 0:00,599.5,18522.5,25.46
2012/3/25 1:00,607.5,17595.5,22.88
2012/3/25 2:00,621,17595.5,22.7
2012/3/25 3:00,660.75,17228.25,22.52
2012/3/25 4:00,706,17530.5,20.95
2012/3/25 5:00,724.75,17299.25,20.03
2012/3/25 6:00,753.75,16135.5,21.03
2012/3/25 7:00,754,15690.75,23.61
2012/3/25 8:00,734.75,16298.25,25.14
2012/3/25 9:00,663.5,17435.75,27.07
2012/3/25 10:00,602.25,18069.75,25.09
2012/3/25 11:00,597,18219,24.1
2012/3/25 12:00,676.25,18375.5,14.94
2012/3/25 13:00,770.25,17164.25,12.67
2012/3/25 14:00,858,16292.25,11.64
2012/3/25 15:00,925.25,16678.5,11.19
2012/3/25 16:00,950,16799,17.56
2012/3/25 17:00,993,18060.75,23.85
2012/3/25 18:00,984.5,19760.5,32.51
2012/3/25 19:00,946.75,21240.75,36.68
2012/3/25 20:00,879.75,22288.25,42.67
2012/3/25 21:00,836.75,22353.75,39.15
2012/3/25 22:00,758.5,23090.25,44.85
2012/3/25 23:00,644,21128.25,37.9
2012/3/26 0:00,591.25,19803.5,27.02
2012/3/26 1:00,473.25,18855.25,26.32
2012/3/26 2:00,366.5,18428.5,23.76
2012/3/26 3:00,286.75,18861.5,23.16
2012/3/26 4:00,243.75,19641.75,24.64
2012/3/26 5:00,218,21044.5,26.93
2012/3/26 6:00,229.25,23960.5,46.42
2012/3/26 7:00,220,25631.75,58.28
2012/3/26 8:00,223,26220,67.14
2012/3/26 9:00,220.25,25974.75,63.16
2012/3/26 10:00,194.25,26053.25,52.39
2012/3/26 11:00,183.75,25743.5,44.01
2012/3/26 12:00,196.5,25762.5,39.93
2012/3/26 13:00,234,24966,38.1
2012/3/26 14:00,283.5,24413,35.13
2012/3/26 15:00,323.25,24634.25,35.08
2012/3/26 16:00,370.75,24211.5,37.53
2012/3/26 17:00,422.25,24545,40.91
2012/3/26 18:00,476.25,25848.25,44.52
2012/3/26 19:00,496.5,28072.5,50
2012/3/26 20:00,483,26837,57.59
2012/3/26 21:00,496.75,25853.75,50
2012/3/26 22:00,515.25,25035,46.17
2012/3/26 23:00,553,22659.25,40.29
2012/3/27 0:00,894.75,19605,34.97
2012/3/27 1:00,1054.25,18603.75,29.88
2012/3/27 2:00,1226.25,18267.75,23.85
2012/3/27 3:00,1371.25,18483.75,21.29
2012/3/27 4:00,1514.5,18743,23.1
2012/3/27 5:00,1607,19702.25,31.66
2012/3/27 6:00,1664.75,22148,42.5
2012/3/27 7:00,1674.5,24047.75,53.05
2012/3/27 8:00,1649.75,24770.25,55
2012/3/27 9:00,1536.5,25074.25,50.51
2012/3/27 10:00,1395,25255,46.97
2012/3/27 11:00,1337.75,25996.75,44.33
2012/3/27 12:00,1357.75,26106.25,38.25
2012/3/27 13:00,1450.5,25823.25,36.45
2012/3/27 14:00,1559.75,25123.75,34.09
2012/3/27 15:00,1649.75,24541.5,34.65
2012/3/27 16:00,1670.75,23621,35.42
2012/3/27 17:00,1671.5,23609.5,36.18
2012/3/27 18:00,1598.75,24302.5,42.35
2012/3/27 19:00,1451.5,25769.5,48.98
2012/3/27 20:00,1354.5,24993.25,54.05
2012/3/27 21:00,1300.75,23264,45.97
2012/3/27 22:00,1254.25,21700.75,43.98
2012/3/27 23:00,1189.25,19796,38.2
2012/3/28 0:00,959.5,18422.75,32.62
2012/3/28 1:00,921.75,17887,26.01
2012/3/28 2:00,928,17863.25,23.2
2012/3/28 3:00,983.25,18208.75,21.58
2012/3/28 4:00,1085,18581.5,23.06
2012/3/28 5:00,1191.25,19771.25,32.62
2012/3/28 6:00,1280.5,22547.5,44.99
2012/3/28 7:00,1353.75,23968.25,52.94
2012/3/28 8:00,1392.75,24575,58.07
2012/3/28 9:00,1398.25,25058.5,57.05
2012/3/28 10:00,1377.5,25288.5,48.91
2012/3/28 11:00,1519,26043,45.92
2012/3/28 12:00,1748.5,26150.75,39.98
2012/3/28 13:00,2103.25,25868.75,38.53
2012/3/28 14:00,2500,25169.5,35.38
2012/3/28 15:00,2884.75,24593.5,34.09
2012/3/28 16:00,3231.5,23669.5,35.66
2012/3/28 17:00,3486.25,23633.5,38.37
2012/3/28 18:00,3528.25,24303.75,44.94
2012/3/28 19:00,3466.25,25742.75,48
2012/3/28 20:00,3428,24939.75,50.12
2012/3/28 21:00,3525.5,23193,46.73
2012/3/28 22:00,3717.5,21616,41.83
2012/3/28 23:00,3857.25,19697,21.55
2012/3/29 0:00,4186,18548.5,17.68
2012/3/29 1:00,4199.25,17991.5,16.59
2012/3/29 2:00,4216.5,17791,16.14
2012/3/29 3:00,4238.25,18123.5,14.94
2012/3/29 4:00,4297,18440.25,14.2
2012/3/29 5:00,4389.25,19626.25,22.55
2012/3/29 6:00,4531.5,22422.5,38.99
2012/3/29 7:00,4700.5,23950.25,48.53
2012/3/29 8:00,4913.5,24492.5,48.93
2012/3/29 9:00,5185,24700.75,40.16
2012/3/29 10:00,5550.75,25350.25,37.04
2012/3/29 11:00,5861.75,25976.75,35.53
2012/3/29 12:00,6206.75,26112.5,25.77
2012/3/29 13:00,6487.5,26113.75,25.12
2012/3/29 14:00,6688.5,25478,24.55
2012/3/29 15:00,6878,24964.5,24.47
2012/3/29 16:00,6868,24137.25,25.13
2012/3/29 17:00,6816.75,23427.25,35.96
2012/3/29 18:00,6578,23650.25,42.23
2012/3/29 19:00,6252.75,24016.5,46
2012/3/29 20:00,5911.25,24298,46.96
2012/3/29 21:00,5549.5,23098.5,42.25
2012/3/29 22:00,5183.5,21609.5,41.02
2012/3/29 23:00,4868,19785,28.03
2012/3/30 0:00,5195,18636.75,16.12
2012/3/30 1:00,4933,18137.25,18.42
2012/3/30 2:00,4765,17959.75,17.99
2012/3/30 3:00,4586.75,18346,16.2
2012/3/30 4:00,4473.5,18885.75,17.13
2012/3/30 5:00,4438.75,20042.5,23.41
2012/3/30 6:00,4435,22602,38
2012/3/30 7:00,4469.5,24027.75,49.89
2012/3/30 8:00,4647,25007.25,46.99
2012/3/30 9:00,4900,25492.25,45.3
2012/3/30 10:00,5165,25992.25,44.92
2012/3/30 11:00,5376.5,26605,44.98
2012/3/30 12:00,5515,26725.75,40.96
2012/3/30 13:00,5654.5,26622.5,36.44
2012/3/30 14:00,5775.75,25915,35.96
2012/3/30 15:00,5905.25,25415.75,35.59
2012/3/30 16:00,5933,24654,35.01
2012/3/30 17:00,5855,23962.25,38.81
2012/3/30 18:00,5626.25,23571.75,41.56
2012/3/30 19:00,5279.75,23738.75,46.15
2012/3/30 20:00,4971.5,23051.75,46.39
2012/3/30 21:00,4773,22139.5,43
2012/3/30 22:00,4755.25,20932.5,41.95
2012/3/30 23:00,4847.75,19623.5,32.23
2012/3/31 0:00,5566.75,18349.75,15.02
2012/3/31 1:00,5716.5,17708.75,12
2012/3/31 2:00,5887.5,17273,5.02
2012/3/31 3:00,6110,17448.5,4.02
2012/3/31 4:00,6282.5,17671.75,1.85
2012/3/31 5:00,6427.25,17715.75,5.01
2012/3/31 6:00,6516.5,17793.75,-3.03
2012/3/31 7:00,6544,19336.75,15
2012/3/31 8:00,6558.25,20999.75,23.71
2012/3/31 9:00,6530,22322.5,24.87
2012/3/31 10:00,6554.5,22943.75,24.97
2012/3/31 11:00,6520.5,23425.75,24.54
2012/3/31 12:00,6458,23223.25,23.8
2012/3/31 13:00,6404.75,22418,17.36
2012/3/31 14:00,6265.5,21768.75,13.13
2012/3/31 15:00,6114.25,21291,14.68
2012/3/31 16:00,5952,20915.75,11
2012/3/31 17:00,5582,20859.25,17.35
2012/3/31 18:00,5011.5,20978.75,29.34
2012/3/31 19:00,4240.75,21508.75,34.03
2012/3/31 20:00,3406.75,20778,39.92
2012/3/31 21:00,2844,20079,37.43
2012/3/31 22:00,2478,19418.75,39.96
2012/3/31 23:00,2223.5,18168,30.73
2012/4/1 0:00,1684.25,16424.75,29.99
2012/4/1 1:00,1528.5,15526.5,24.53
2012/4/1 2:00,1417.25,15173.25,23.55
2012/4/1 3:00,1350.25,15109.25,22.25
2012/4/1 4:00,1317,15108.5,23.01
2012/4/1 5:00,1288.25,15140.5,23.46
2012/4/1 6:00,1274.75,15234.5,22.62
2012/4/1 7:00,1288.25,15553.5,23.83
2012/4/1 8:00,1322,16710.5,24.46
2012/4/1 9:00,1420,18371.5,25.54
2012/4/1 10:00,1617,19578.5,24.68
2012/4/1 11:00,1951.25,20347.25,24.54
2012/4/1 12:00,2391,20387.75,23.04
2012/4/1 13:00,2895.75,19864.75,14.72
2012/4/1 14:00,3387.5,19118.5,4.87
2012/4/1 15:00,3764.25,18534,-0.08
2012/4/1 16:00,3997,18232.75,10.51
2012/4/1 17:00,4125.25,18731.5,11.44
2012/4/1 18:00,4049.75,19096.25,23.45
2012/4/1 19:00,3805.5,19433,39.96
2012/4/1 20:00,3544.75,20867,44.94
2012/4/1 21:00,3352.75,20572,39.37
2012/4/1 22:00,3349.5,20359.25,40.98
2012/4/1 23:00,3435.5,18697.5,32.82
2012/4/2 0:00,4769,17680.5,11.78
2012/4/2 1:00,4781,17067.5,11.71
2012/4/2 2:00,4652.75,16710,11.75
2012/4/2 3:00,4418.75,16911.25,11.74
2012/4/2 4:00,4121.25,17140.75,16.42
2012/4/2 5:00,3735.75,18396.75,30.25
2012/4/2 6:00,3277.75,21993.5,46.91
2012/4/2 7:00,2837.5,23657.5,53.27
2012/4/2 8:00,2504.5,24450.25,65.53
2012/4/2 9:00,2303,24946.5,59.91
2012/4/2 10:00,2185.25,25766,48.94
2012/4/2 11:00,2108.75,26200.5,47.04
2012/4/2 12:00,2014.5,26145.75,45.41
2012/4/2 13:00,1936,26240.25,48.84
2012/4/2 14:00,1854.5,25523,48.82
2012/4/2 15:00,1746,24940.5,47.58
2012/4/2 16:00,1566,24183.25,47.16
2012/4/2 17:00,1340,23845,49.95
2012/4/2 18:00,1033,23698.75,54.84
2012/4/2 19:00,701.25,23529.5,60.34
2012/4/2 20:00,446,24548.5,61.91
2012/4/2 21:00,330.25,23866.5,58.47
2012/4/2 22:00,280,22324.5,53.55
2012/4/2 23:00,287.75,20364.25,52.92
2012/4/3 0:00,290.25,18898,46.33
2012/4/3 1:00,279.75,18310.5,40
2012/4/3 2:00,287.75,17940,38.03
2012/4/3 3:00,312.5,18360.25,35.3
2012/4/3 4:00,321,18604.25,35.21
2012/4/3 5:00,344,19686.5,39.71
2012/4/3 6:00,357,22636,52.33
2012/4/3 7:00,377.75,24268.25,61.19
2012/4/3 8:00,372,24646.75,65.53
2012/4/3 9:00,362.5,25033.25,61.76
2012/4/3 10:00,374,25507.75,60.6
2012/4/3 11:00,397,26212.75,57.62
2012/4/3 12:00,477.5,26429.25,51.93
2012/4/3 13:00,538.75,26527.5,50.03
2012/4/3